component,componentName,eventType,eventApiId,eventApiName,apiVersion,specVersion,eventName
TMFC001,ProductCatalogManagement,publishedEvents,TMF620,ProductCatalogManagement,v4.0.0,4.0.0,catalogBatchEvent
TMFC001,ProductCatalogManagement,publishedEvents,TMF620,ProductCatalogManagement,v4.0.0,4.0.0,catalogCreateEvent
TMFC001,ProductCatalogManagement,publishedEvents,TMF620,ProductCatalogManagement,v4.0.0,4.0.0,catalogDeleteEvent
TMFC001,ProductCatalogManagement,publishedEvents,TMF620,ProductCatalogManagement,v4.0.0,4.0.0,categoryCreateEvent
TMFC001,ProductCatalogManagement,publishedEvents,TMF620,ProductCatalogManagement,v4.0.0,4.0.0,categoryDeleteEvent
TMFC001,ProductCatalogManagement,publishedEvents,TMF620,ProductCatalogManagement,v4.0.0,4.0.0,productOfferingAttributeValueChangeEvent
TMFC001,ProductCatalogManagement,publishedEvents,TMF620,ProductCatalogManagement,v4.0.0,4.0.0,productOfferingCreateEvent
TMFC001,ProductCatalogManagement,publishedEvents,TMF620,ProductCatalogManagement,v4.0.0,4.0.0,productOfferingDeleteEvent
TMFC001,ProductCatalogManagement,publishedEvents,TMF620,ProductCatalogManagement,v4.0.0,4.0.0,productOfferingPriceAttributeValueChangeEvent
TMFC001,ProductCatalogManagement,publishedEvents,TMF620,ProductCatalogManagement,v4.0.0,4.0.0,productOfferingPriceCreateEvent
TMFC001,ProductCatalogManagement,publishedEvents,TMF620,ProductCatalogManagement,v4.0.0,4.0.0,productOfferingPriceDeleteEvent
TMFC001,ProductCatalogManagement,publishedEvents,TMF620,ProductCatalogManagement,v4.0.0,4.0.0,productOfferingPriceStateChangeEvent
TMFC001,ProductCatalogManagement,publishedEvents,TMF620,ProductCatalogManagement,v4.0.0,4.0.0,productOfferingStateChangeEvent
TMFC001,ProductCatalogManagement,publishedEvents,TMF620,ProductCatalogManagement,v4.0.0,4.0.0,productSpecificationCreate
TMFC001,ProductCatalogManagement,publishedEvents,TMF620,ProductCatalogManagement,v4.0.0,4.0.0,productSpecificationDeleteEvent
TMFC001,ProductCatalogManagement,publishedEvents,TMF671,PromotionManagement,v4.0.0,4.1.0,promotionAttributeValueChangeEvent
TMFC001,ProductCatalogManagement,publishedEvents,TMF671,PromotionManagement,v4.0.0,4.1.0,promotionCreateEvent
TMFC001,ProductCatalogManagement,publishedEvents,TMF671,PromotionManagement,v4.0.0,4.1.0,promotionDeleteEvent
TMFC001,ProductCatalogManagement,publishedEvents,TMF671,PromotionManagement,v4.0.0,4.1.0,promotionInformationRequiredEvent
TMFC001,ProductCatalogManagement,publishedEvents,TMF671,PromotionManagement,v4.0.0,4.1.0,promotionStateChangeEvent
TMFC001,ProductCatalogManagement,publishedEvents,TMF701,ProcessFlowManagement,v4.0.0,4.1.0,processFlowCreateEvent
TMFC001,ProductCatalogManagement,publishedEvents,TMF701,ProcessFlowManagement,v4.0.0,4.1.0,processFlowStateAttributeValueChangeEvent
TMFC001,ProductCatalogManagement,publishedEvents,TMF701,ProcessFlowManagement,v4.0.0,4.1.0,processFlowStateChangeEvent
TMFC001,ProductCatalogManagement,publishedEvents,TMF701,ProcessFlowManagement,v4.0.0,4.1.0,processFlowStateDeleteEvent
TMFC001,ProductCatalogManagement,publishedEvents,TMF701,ProcessFlowManagement,v4.0.0,4.1.0,taskFlowAttributeValueChangeEvent
TMFC001,ProductCatalogManagement,publishedEvents,TMF701,ProcessFlowManagement,v4.0.0,4.1.0,taskFlowCreateEvent
TMFC001,ProductCatalogManagement,publishedEvents,TMF701,ProcessFlowManagement,v4.0.0,4.1.0,taskFlowDeleteEvent
TMFC001,ProductCatalogManagement,publishedEvents,TMF701,ProcessFlowManagement,v4.0.0,4.1.0,taskFlowInformationRequiredEvent
TMFC001,ProductCatalogManagement,publishedEvents,TMF701,ProcessFlowManagement,v4.0.0,4.1.0,taskFlowStateChangeEvent
TMFC001,ProductCatalogManagement,subscribedEvents,TMF632,Party,v4.0.0,4.0.0,individualDeleteEvent
TMFC001,ProductCatalogManagement,subscribedEvents,TMF632,Party,v4.0.0,4.0.0,organizationDeleteEvent
TMFC001,ProductCatalogManagement,subscribedEvents,TMF633,ServiceCatalogManagement,v4.0.0,4.0.0,resourceSpecificationChangeEvent
TMFC001,ProductCatalogManagement,subscribedEvents,TMF633,ServiceCatalogManagement,v4.0.0,4.0.0,resourceSpecificationCreateEvent
TMFC001,ProductCatalogManagement,subscribedEvents,TMF633,ServiceCatalogManagement,v4.0.0,4.0.0,resourceSpecificationDeleteEvent
TMFC001,ProductCatalogManagement,subscribedEvents,TMF633,ServiceCatalogManagement,v4.0.0,4.0.0,serviceSpecificationAttributeValueChangeEvent
TMFC001,ProductCatalogManagement,subscribedEvents,TMF633,ServiceCatalogManagement,v4.0.0,4.0.0,serviceSpecificationCreateEvent
TMFC001,ProductCatalogManagement,subscribedEvents,TMF633,ServiceCatalogManagement,v4.0.0,4.0.0,serviceSpecificationDeleteEvent
TMFC001,ProductCatalogManagement,subscribedEvents,TMF633,ServiceCatalogManagement,v4.0.0,4.0.0,serviceSpecificationStateChange
TMFC001,ProductCatalogManagement,subscribedEvents,TMF701,PartyRoleManagement,v4.0.0,4.1.0,partyRoleDeleteEvent
TMFC002,ProductOrderCaptureAndValidation,publishedEvents,unknown,,unknown,unknown,processFlowCreateEvent
TMFC002,ProductOrderCaptureAndValidation,publishedEvents,unknown,,unknown,unknown,processFlowStateAttributeValueChangeEvent
TMFC002,ProductOrderCaptureAndValidation,publishedEvents,unknown,,unknown,unknown,processFlowStateChangeEvent
TMFC002,ProductOrderCaptureAndValidation,publishedEvents,unknown,,unknown,unknown,processFlowStateDeleteEvent
TMFC002,ProductOrderCaptureAndValidation,publishedEvents,unknown,,unknown,unknown,quoteAttributeValueChangeEvent
TMFC002,ProductOrderCaptureAndValidation,publishedEvents,unknown,,unknown,unknown,quoteCreateEvent
TMFC002,ProductOrderCaptureAndValidation,publishedEvents,unknown,,unknown,unknown,quoteDeleteEvent
TMFC002,ProductOrderCaptureAndValidation,publishedEvents,unknown,,unknown,unknown,quoteInformationRequiredEvent
TMFC002,ProductOrderCaptureAndValidation,publishedEvents,unknown,,unknown,unknown,quoteStateChangeEvent
TMFC002,ProductOrderCaptureAndValidation,publishedEvents,unknown,,unknown,unknown,shoppingCartAttributeValueChangeEvent
TMFC002,ProductOrderCaptureAndValidation,publishedEvents,unknown,,unknown,unknown,shoppingCartCreateEvent
TMFC002,ProductOrderCaptureAndValidation,publishedEvents,unknown,,unknown,unknown,shoppingCartDeleteEvent
TMFC002,ProductOrderCaptureAndValidation,publishedEvents,unknown,,unknown,unknown,taskFlowAttributeValueChangeEvent
TMFC002,ProductOrderCaptureAndValidation,publishedEvents,unknown,,unknown,unknown,taskFlowCreateEvent
TMFC002,ProductOrderCaptureAndValidation,publishedEvents,unknown,,unknown,unknown,taskFlowDeleteEvent
TMFC002,ProductOrderCaptureAndValidation,publishedEvents,unknown,,unknown,unknown,taskFlowInformationRequiredEvent
TMFC002,ProductOrderCaptureAndValidation,publishedEvents,unknown,,unknown,unknown,taskFlowStateChangeEvent
TMFC002,ProductOrderCaptureAndValidation,subscribedEvents,unknown,,unknown,unknown,cancelResourceReservationCreateEvent
TMFC002,ProductOrderCaptureAndValidation,subscribedEvents,unknown,,unknown,unknown,cancelResourceReservationInformationRequiredEvent
TMFC002,ProductOrderCaptureAndValidation,subscribedEvents,unknown,,unknown,unknown,cancelResourceReservationStateChangeEvent
TMFC002,ProductOrderCaptureAndValidation,subscribedEvents,unknown,,unknown,unknown,geographicAddressValidationStateChangeEvent
TMFC002,ProductOrderCaptureAndValidation,subscribedEvents,unknown,,unknown,unknown,paymentCreateEvent
TMFC002,ProductOrderCaptureAndValidation,subscribedEvents,unknown,,unknown,unknown,paymentStateChangeEvent
TMFC002,ProductOrderCaptureAndValidation,subscribedEvents,unknown,,unknown,unknown,productOfferingQualificationStateChangeEvent
TMFC002,ProductOrderCaptureAndValidation,subscribedEvents,unknown,,unknown,unknown,resourceReservationAttributeValueChangeEvent
TMFC002,ProductOrderCaptureAndValidation,subscribedEvents,unknown,,unknown,unknown,resourceReservationCreateEvent
TMFC002,ProductOrderCaptureAndValidation,subscribedEvents,unknown,,unknown,unknown,resourceReservationDeleteEvent
TMFC002,ProductOrderCaptureAndValidation,subscribedEvents,unknown,,unknown,unknown,resourceReservationInformationRequiredEvent
TMFC002,ProductOrderCaptureAndValidation,subscribedEvents,unknown,,unknown,unknown,resourceReservationStateChangeEvent
TMFC003,ProductOrderDeliveryOrchestrationAndManagement,publishedEvents,TMF622,ProductOrder,v4.0.0,4.0.0,cancelProductOrderCreateEvent
TMFC003,ProductOrderDeliveryOrchestrationAndManagement,publishedEvents,TMF622,ProductOrder,v4.0.0,4.0.0,cancelProductOrderInformationRequired
TMFC003,ProductOrderDeliveryOrchestrationAndManagement,publishedEvents,TMF622,ProductOrder,v4.0.0,4.0.0,cancelProductOrderStateChange
TMFC003,ProductOrderDeliveryOrchestrationAndManagement,publishedEvents,TMF622,ProductOrder,v4.0.0,4.0.0,productOrderAttributeValueChange
TMFC003,ProductOrderDeliveryOrchestrationAndManagement,publishedEvents,TMF622,ProductOrder,v4.0.0,4.0.0,productOrderCreateEvent
TMFC003,ProductOrderDeliveryOrchestrationAndManagement,publishedEvents,TMF622,ProductOrder,v4.0.0,4.0.0,productOrderDelete
TMFC003,ProductOrderDeliveryOrchestrationAndManagement,publishedEvents,TMF622,ProductOrder,v4.0.0,4.0.0,productOrderInformationRequired
TMFC003,ProductOrderDeliveryOrchestrationAndManagement,publishedEvents,TMF622,ProductOrder,v4.0.0,4.0.0,productOrderStateChange
TMFC003,ProductOrderDeliveryOrchestrationAndManagement,publishedEvents,TMF701,ProcessFlowManagement,v4.0.0,4.1.0,processFlowCreateEvent
TMFC003,ProductOrderDeliveryOrchestrationAndManagement,publishedEvents,TMF701,ProcessFlowManagement,v4.0.0,4.1.0,processFlowStateAttributeValueChangeEvent
TMFC003,ProductOrderDeliveryOrchestrationAndManagement,publishedEvents,TMF701,ProcessFlowManagement,v4.0.0,4.1.0,processFlowStateChangeEvent
TMFC003,ProductOrderDeliveryOrchestrationAndManagement,publishedEvents,TMF701,ProcessFlowManagement,v4.0.0,4.1.0,processFlowStateDeleteEvent
TMFC003,ProductOrderDeliveryOrchestrationAndManagement,publishedEvents,TMF701,ProcessFlowManagement,v4.0.0,4.1.0,taskFlowAttributeValueChangeEvent
TMFC003,ProductOrderDeliveryOrchestrationAndManagement,publishedEvents,TMF701,ProcessFlowManagement,v4.0.0,4.1.0,taskFlowCreateEvent
TMFC003,ProductOrderDeliveryOrchestrationAndManagement,publishedEvents,TMF701,ProcessFlowManagement,v4.0.0,4.1.0,taskFlowDeleteEvent
TMFC003,ProductOrderDeliveryOrchestrationAndManagement,publishedEvents,TMF701,ProcessFlowManagement,v4.0.0,4.1.0,taskFlowInformationRequiredEvent
TMFC003,ProductOrderDeliveryOrchestrationAndManagement,publishedEvents,TMF701,ProcessFlowManagement,v4.0.0,4.1.0,taskFlowStateChangeEvent
TMFC003,ProductOrderDeliveryOrchestrationAndManagement,subscribedEvents,TMF641,ServiceOrder,v4.0.0,4.1.0,cancelServiceOrderInformationRequiredEvent
TMFC003,ProductOrderDeliveryOrchestrationAndManagement,subscribedEvents,TMF641,ServiceOrder,v4.0.0,4.1.0,cancelServiceOrderStateChangeEvent
TMFC003,ProductOrderDeliveryOrchestrationAndManagement,subscribedEvents,TMF641,ServiceOrder,v4.0.0,4.1.0,serviceOrderAttributeValueChangeEvent
TMFC003,ProductOrderDeliveryOrchestrationAndManagement,subscribedEvents,TMF641,ServiceOrder,v4.0.0,4.1.0,serviceOrderInformationRequiredEvent
TMFC003,ProductOrderDeliveryOrchestrationAndManagement,subscribedEvents,TMF641,ServiceOrder,v4.0.0,4.1.0,serviceOrderJeopardyEvent
TMFC003,ProductOrderDeliveryOrchestrationAndManagement,subscribedEvents,TMF641,ServiceOrder,v4.0.0,4.1.0,serviceOrderMilestoneEvent
TMFC003,ProductOrderDeliveryOrchestrationAndManagement,subscribedEvents,TMF641,ServiceOrder,v4.0.0,4.1.0,serviceOrderStateChangeEvent
TMFC003,ProductOrderDeliveryOrchestrationAndManagement,subscribedEvents,TMF652,ResourceOrder,v4.0.0,4.0.0,cancelResourceOrderInformationRequiredEvent
TMFC003,ProductOrderDeliveryOrchestrationAndManagement,subscribedEvents,TMF652,ResourceOrder,v4.0.0,4.0.0,cancelResourceOrderStateChange
TMFC003,ProductOrderDeliveryOrchestrationAndManagement,subscribedEvents,TMF652,ResourceOrder,v4.0.0,4.0.0,resourceOrderAttributeValueChangeEvent
TMFC003,ProductOrderDeliveryOrchestrationAndManagement,subscribedEvents,TMF652,ResourceOrder,v4.0.0,4.0.0,resourceOrderInformationRequiredEvent
TMFC003,ProductOrderDeliveryOrchestrationAndManagement,subscribedEvents,TMF652,ResourceOrder,v4.0.0,4.0.0,resourceOrderStateChange
TMFC005,ProductInventory,publishedEvents,TMF637,Productinventory,v4.0.0,4.0.0,productAttributeValueChangeEvent
TMFC005,ProductInventory,publishedEvents,TMF637,Productinventory,v4.0.0,4.0.0,productBatchEvent
TMFC005,ProductInventory,publishedEvents,TMF637,Productinventory,v4.0.0,4.0.0,productCreateEvent
TMFC005,ProductInventory,publishedEvents,TMF637,Productinventory,v4.0.0,4.0.0,productDeleteEvent
TMFC005,ProductInventory,publishedEvents,TMF637,Productinventory,v4.0.0,4.0.0,productStateChangeEvent
TMFC005,ProductInventory,publishedEvents,TMF701,ProcessFlowManagement,v4.0.0,4.1.0,processFlowCreateEvent
TMFC005,ProductInventory,publishedEvents,TMF701,ProcessFlowManagement,v4.0.0,4.1.0,processFlowStateAttributeValueChangeEvent
TMFC005,ProductInventory,publishedEvents,TMF701,ProcessFlowManagement,v4.0.0,4.1.0,processFlowStateChangeEvent
TMFC005,ProductInventory,publishedEvents,TMF701,ProcessFlowManagement,v4.0.0,4.1.0,processFlowStateDeleteEvent
TMFC005,ProductInventory,publishedEvents,TMF701,ProcessFlowManagement,v4.0.0,4.1.0,taskFlowAttributeValueChangeEvent
TMFC005,ProductInventory,publishedEvents,TMF701,ProcessFlowManagement,v4.0.0,4.1.0,taskFlowCreateEvent
TMFC005,ProductInventory,publishedEvents,TMF701,ProcessFlowManagement,v4.0.0,4.1.0,taskFlowDeleteEvent
TMFC005,ProductInventory,publishedEvents,TMF701,ProcessFlowManagement,v4.0.0,4.1.0,taskFlowInformationRequiredEvent
TMFC005,ProductInventory,publishedEvents,TMF701,ProcessFlowManagement,v4.0.0,4.1.0,taskFlowStateChangeEvent
TMFC005,ProductInventory,subscribedEvents,unknown,AccountManagement,v4.0.0,4.0.0,billingAccountDeleteEvent
TMFC005,ProductInventory,subscribedEvents,unknown,AgreementManagement,v4.0.0,4.0.0,agreementDeleteEvent
TMFC005,ProductInventory,subscribedEvents,unknown,GeographicLocation,v4.0.0,4.0.0,geographicLocationDeleteEvent
TMFC005,ProductInventory,subscribedEvents,unknown,GeographicSiteManagement,v4.0.0,4.0.0,geographicSiteDeleteEvent
TMFC005,ProductInventory,subscribedEvents,unknown,PartyManagement,v4.0.0,4.0.0,individualDeleteEvent
TMFC005,ProductInventory,subscribedEvents,unknown,PartyManagement,v4.0.0,4.0.0,organizationDeleteEvent
TMFC005,ProductInventory,subscribedEvents,unknown,PartyRoleManagement,v4.0.0,4.0.0,partyRoleDeleteEvent
TMFC005,ProductInventory,subscribedEvents,unknown,ProductCatalogManagement,v4.0.0,4.0.0,productOfferingDeleteEvent
TMFC005,ProductInventory,subscribedEvents,unknown,ProductCatalogManagement,v4.0.0,4.0.0,productOfferingPriceDeleteEvent
TMFC005,ProductInventory,subscribedEvents,unknown,ProductCatalogManagement,v4.0.0,4.0.0,productSpecificationDeleteEvent
TMFC005,ProductInventory,subscribedEvents,unknown,ProductInventoryManagement,v4.0.0,4.0.0,productAttributeValueChangeEvent
TMFC005,ProductInventory,subscribedEvents,unknown,ProductInventoryManagement,v4.0.0,4.0.0,productCreateEvent
TMFC005,ProductInventory,subscribedEvents,unknown,ProductInventoryManagement,v4.0.0,4.0.0,productDeleteEvent
TMFC005,ProductInventory,subscribedEvents,unknown,ProductInventoryManagement,v4.0.0,4.0.0,productStateChangeEvent
TMFC005,ProductInventory,subscribedEvents,unknown,ProductOrderingManagement,v4.0.0,4.0.0,productOrderDeleteEvent
TMFC005,ProductInventory,subscribedEvents,unknown,ResourceInventoryManagement,v4.0.0,4.0.0,resourceDeleteEvent
TMFC005,ProductInventory,subscribedEvents,unknown,ServiceInventoryManagement,v4.0.0,4.0.0,serviceDeleteEvent
TMFC005,ProductInventory,subscribedEvents,unknown,UserRolePermissionManagement,v4.0.0,4.0.0,permissionDeleteEvent
TMFC006,ServiceCatalogManagement,publishedEvents,TMF633,ServiceCatalogManagement,v4.0.0,4.0.0,serviceCandidateChangeEvent
TMFC006,ServiceCatalogManagement,publishedEvents,TMF633,ServiceCatalogManagement,v4.0.0,4.0.0,serviceCandidateCreateEvent
TMFC006,ServiceCatalogManagement,publishedEvents,TMF633,ServiceCatalogManagement,v4.0.0,4.0.0,serviceCandidateDeleteEvent
TMFC006,ServiceCatalogManagement,publishedEvents,TMF633,ServiceCatalogManagement,v4.0.0,4.0.0,serviceCatalogBatchEvent
TMFC006,ServiceCatalogManagement,publishedEvents,TMF633,ServiceCatalogManagement,v4.0.0,4.0.0,serviceCatalogChangeEvent
TMFC006,ServiceCatalogManagement,publishedEvents,TMF633,ServiceCatalogManagement,v4.0.0,4.0.0,serviceCatalogCreateEvent
TMFC006,ServiceCatalogManagement,publishedEvents,TMF633,ServiceCatalogManagement,v4.0.0,4.0.0,serviceCatalogDeleteEvent
TMFC006,ServiceCatalogManagement,publishedEvents,TMF633,ServiceCatalogManagement,v4.0.0,4.0.0,serviceCategoryChangeEvent
TMFC006,ServiceCatalogManagement,publishedEvents,TMF633,ServiceCatalogManagement,v4.0.0,4.0.0,serviceCategoryCreateEvent
TMFC006,ServiceCatalogManagement,publishedEvents,TMF633,ServiceCatalogManagement,v4.0.0,4.0.0,serviceCategoryDeleteEvent
TMFC006,ServiceCatalogManagement,publishedEvents,TMF633,ServiceCatalogManagement,v4.0.0,4.0.0,serviceSpecificationChangeEvent
TMFC006,ServiceCatalogManagement,publishedEvents,TMF633,ServiceCatalogManagement,v4.0.0,4.0.0,serviceSpecificationCreateEvent
TMFC006,ServiceCatalogManagement,publishedEvents,TMF633,ServiceCatalogManagement,v4.0.0,4.0.0,serviceSpecificationDeleteEvent
TMFC006,ServiceCatalogManagement,publishedEvents,TMF657,ServiceQualityManagement,v4.0.0,4.0.0,serviceLevelObjectiveAttributeValueChangeEvent
TMFC006,ServiceCatalogManagement,publishedEvents,TMF657,ServiceQualityManagement,v4.0.0,4.0.0,serviceLevelObjectiveChangeEvent
TMFC006,ServiceCatalogManagement,publishedEvents,TMF657,ServiceQualityManagement,v4.0.0,4.0.0,serviceLevelObjectiveCreateEvent
TMFC006,ServiceCatalogManagement,publishedEvents,TMF657,ServiceQualityManagement,v4.0.0,4.0.0,serviceLevelSpecificationAttributeValueChangeEvent
TMFC006,ServiceCatalogManagement,publishedEvents,TMF657,ServiceQualityManagement,v4.0.0,4.0.0,serviceLevelSpecificationCreateEvent
TMFC006,ServiceCatalogManagement,publishedEvents,TMF657,ServiceQualityManagement,v4.0.0,4.0.0,serviceLevelSpecificationDeleteEvent
TMFC006,ServiceCatalogManagement,publishedEvents,TMF701,ProcessFlowManagement,v4.0.0,4.1.0,processFlowCreateEvent
TMFC006,ServiceCatalogManagement,publishedEvents,TMF701,ProcessFlowManagement,v4.0.0,4.1.0,processFlowStateAttributeValueChangeEvent
TMFC006,ServiceCatalogManagement,publishedEvents,TMF701,ProcessFlowManagement,v4.0.0,4.1.0,processFlowStateChangeEvent
TMFC006,ServiceCatalogManagement,publishedEvents,TMF701,ProcessFlowManagement,v4.0.0,4.1.0,processFlowStateDeleteEvent
TMFC006,ServiceCatalogManagement,publishedEvents,TMF701,ProcessFlowManagement,v4.0.0,4.1.0,taskFlowAttributeValueChangeEvent
TMFC006,ServiceCatalogManagement,publishedEvents,TMF701,ProcessFlowManagement,v4.0.0,4.1.0,taskFlowCreateEvent
TMFC006,ServiceCatalogManagement,publishedEvents,TMF701,ProcessFlowManagement,v4.0.0,4.1.0,taskFlowDeleteEvent
TMFC006,ServiceCatalogManagement,publishedEvents,TMF701,ProcessFlowManagement,v4.0.0,4.1.0,taskFlowInformationRequiredEvent
TMFC006,ServiceCatalogManagement,publishedEvents,TMF701,ProcessFlowManagement,v4.0.0,4.1.0,taskFlowStateChangeEvent
TMFC006,ServiceCatalogManagement,subscribedEvents,TMF634,ResourceCatalogManagement,v4.0.0,4.1.0,resourceSpecificationChangeEvent
TMFC006,ServiceCatalogManagement,subscribedEvents,TMF634,ResourceCatalogManagement,v4.0.0,4.1.0,resourceSpecificationCreateEvent
TMFC006,ServiceCatalogManagement,subscribedEvents,TMF634,ResourceCatalogManagement,v4.0.0,4.1.0,resourceSpecificationDeleteEvent
TMFC006,ServiceCatalogManagement,subscribedEvents,TMF662,EntityCatalogManagement,v4.0.0,4.0.0,entitySpecificationAttributeValueChangeEvent
TMFC006,ServiceCatalogManagement,subscribedEvents,TMF662,EntityCatalogManagement,v4.0.0,4.0.0,entitySpecificationChangeEvent
TMFC006,ServiceCatalogManagement,subscribedEvents,TMF662,EntityCatalogManagement,v4.0.0,4.0.0,entitySpecificationCreateEvent
TMFC006,ServiceCatalogManagement,subscribedEvents,TMF662,EntityCatalogManagement,v4.0.0,4.0.0,entitySpecificationDeleteEvent
TMFC007,ServiceOrderManagement,publishedEvents,TMF641,TMF641 Service Ordering Management API,v4.0.0,4.1.0,cancelServiceOrderCreateEvent
TMFC007,ServiceOrderManagement,publishedEvents,TMF641,TMF641 Service Ordering Management API,v4.0.0,4.1.0,cancelServiceOrderInformationRequiredEvent
TMFC007,ServiceOrderManagement,publishedEvents,TMF641,TMF641 Service Ordering Management API,v4.0.0,4.1.0,cancelServiceOrderStateChangeEvent
TMFC007,ServiceOrderManagement,publishedEvents,TMF641,TMF641 Service Ordering Management API,v4.0.0,4.1.0,serviceOrderAttributeValueChangeEvent
TMFC007,ServiceOrderManagement,publishedEvents,TMF641,TMF641 Service Ordering Management API,v4.0.0,4.1.0,serviceOrderCreateEvent
TMFC007,ServiceOrderManagement,publishedEvents,TMF641,TMF641 Service Ordering Management API,v4.0.0,4.1.0,serviceOrderDeleteEvent
TMFC007,ServiceOrderManagement,publishedEvents,TMF641,TMF641 Service Ordering Management API,v4.0.0,4.1.0,serviceOrderInformationRequiredEvent
TMFC007,ServiceOrderManagement,publishedEvents,TMF641,TMF641 Service Ordering Management API,v4.0.0,4.1.0,serviceOrderJeopardyEvent
TMFC007,ServiceOrderManagement,publishedEvents,TMF641,TMF641 Service Ordering Management API,v4.0.0,4.1.0,serviceOrderMilestoneEvent
TMFC007,ServiceOrderManagement,publishedEvents,TMF641,TMF641 Service Ordering Management API,v4.0.0,4.1.0,serviceOrderStateChangeEvent
TMFC007,ServiceOrderManagement,publishedEvents,TMF701,ProcessFlowManagement,v4.0.0,4.0.0,processFlowCreateEvent
TMFC007,ServiceOrderManagement,publishedEvents,TMF701,ProcessFlowManagement,v4.0.0,4.0.0,processFlowStateAttributeValueChangeEvent
TMFC007,ServiceOrderManagement,publishedEvents,TMF701,ProcessFlowManagement,v4.0.0,4.0.0,processFlowStateChangeEvent
TMFC007,ServiceOrderManagement,publishedEvents,TMF701,ProcessFlowManagement,v4.0.0,4.0.0,processFlowStateDeleteEvent
TMFC007,ServiceOrderManagement,publishedEvents,TMF701,ProcessFlowManagement,v4.0.0,4.0.0,taskFlowAttributeValueChangeEvent
TMFC007,ServiceOrderManagement,publishedEvents,TMF701,ProcessFlowManagement,v4.0.0,4.0.0,taskFlowCreateEvent
TMFC007,ServiceOrderManagement,publishedEvents,TMF701,ProcessFlowManagement,v4.0.0,4.0.0,taskFlowDeleteEvent
TMFC007,ServiceOrderManagement,publishedEvents,TMF701,ProcessFlowManagement,v4.0.0,4.0.0,taskFlowInformationRequiredEvent
TMFC007,ServiceOrderManagement,publishedEvents,TMF701,ProcessFlowManagement,v4.0.0,4.0.0,taskFlowStateChangeEvent
TMFC007,ServiceOrderManagement,subscribedEvents,TMF634,ResourceOrderManagement,v4.0.0,4.1.0,cancelResourceOrderInformationRequiredEvent
TMFC007,ServiceOrderManagement,subscribedEvents,TMF634,ResourceOrderManagement,v4.0.0,4.1.0,cancelResourceOrderStateChange
TMFC007,ServiceOrderManagement,subscribedEvents,TMF634,ResourceOrderManagement,v4.0.0,4.1.0,resourceOrderAttributeValueChangeEvent
TMFC007,ServiceOrderManagement,subscribedEvents,TMF634,ResourceOrderManagement,v4.0.0,4.1.0,resourceOrderInformationRequiredEvent
TMFC007,ServiceOrderManagement,subscribedEvents,TMF634,ResourceOrderManagement,v4.0.0,4.1.0,resourceOrderStateChange
TMFC007,ServiceOrderManagement,subscribedEvents,TMF645,ServiceQualification,v4.0.0,4.0.0,checkServiceQualificationStateChangeEvent
TMFC007,ServiceOrderManagement,subscribedEvents,TMF645,ServiceQualification,v4.0.0,4.0.0,queryServiceQualificationStateChangeEvent
TMFC007,ServiceOrderManagement,subscribedEvents,TMF681,Communication,v4.0.0,4.0.0,communicationMessageStateChangeEvent
TMFC007,ServiceOrderManagement,subscribedEvents,TMF697,WorkOrder,v4.0.0,4.0.0,workOrderStateChange
TMFC008,ServiceInventory,publishedEvents,TMF638,ServiceInventoryManagement,v4.0.0,4.0.0,serviceAttributeValueChangeEvent
TMFC008,ServiceInventory,publishedEvents,TMF638,ServiceInventoryManagement,v4.0.0,4.0.0,serviceCreateEvent
TMFC008,ServiceInventory,publishedEvents,TMF638,ServiceInventoryManagement,v4.0.0,4.0.0,serviceDeleteEvent
TMFC008,ServiceInventory,publishedEvents,TMF638,ServiceInventoryManagement,v4.0.0,4.0.0,serviceStateChangeEvent
TMFC008,ServiceInventory,publishedEvents,TMF701,ProcessFlowManagement,v4.0.0,4.1.0,processFlowCreateEvent
TMFC008,ServiceInventory,publishedEvents,TMF701,ProcessFlowManagement,v4.0.0,4.1.0,processFlowStateAttributeValueChangeEvent
TMFC008,ServiceInventory,publishedEvents,TMF701,ProcessFlowManagement,v4.0.0,4.1.0,processFlowStateChangeEvent
TMFC008,ServiceInventory,publishedEvents,TMF701,ProcessFlowManagement,v4.0.0,4.1.0,processFlowStateDeleteEvent
TMFC008,ServiceInventory,publishedEvents,TMF701,ProcessFlowManagement,v4.0.0,4.1.0,taskFlowAttributeValueChangeEvent
TMFC008,ServiceInventory,publishedEvents,TMF701,ProcessFlowManagement,v4.0.0,4.1.0,taskFlowCreateEvent
TMFC008,ServiceInventory,publishedEvents,TMF701,ProcessFlowManagement,v4.0.0,4.1.0,taskFlowDeleteEvent
TMFC008,ServiceInventory,publishedEvents,TMF701,ProcessFlowManagement,v4.0.0,4.1.0,taskFlowInformationRequiredEvent
TMFC008,ServiceInventory,publishedEvents,TMF701,ProcessFlowManagement,v4.0.0,4.1.0,taskFlowStateChangeEvent
TMFC008,ServiceInventory,subscribedEvents,unknown,GeographicLocation,v4.0.0,4.0.0,geographicLocationDeleteEvent
TMFC008,ServiceInventory,subscribedEvents,unknown,GeographicSiteManagement,v4.0.0,4.0.0,geographicSiteDeleteEvent
TMFC008,ServiceInventory,subscribedEvents,unknown,PartyManagement,v4.0.0,4.0.0,individualDeleteEvent
TMFC008,ServiceInventory,subscribedEvents,unknown,PartyManagement,v4.0.0,4.0.0,organizationDeleteEvent
TMFC008,ServiceInventory,subscribedEvents,unknown,PartyRoleManagement,v4.0.0,4.0.0,partyRoleDeleteEvent
TMFC008,ServiceInventory,subscribedEvents,unknown,ResourceInventoryManagement,v4.0.0,4.0.0,resourceDeleteEvent
TMFC008,ServiceInventory,subscribedEvents,unknown,ServiceCatalogManagement,v4.0.0,4.0.0,serviceSpecificationDeleteEvent
TMFC008,ServiceInventory,subscribedEvents,unknown,ServiceInventoryManagement,v4.0.0,4.0.0,serviceAttributeValueChangeEvent
TMFC008,ServiceInventory,subscribedEvents,unknown,ServiceInventoryManagement,v4.0.0,4.0.0,serviceCreateEvent
TMFC008,ServiceInventory,subscribedEvents,unknown,ServiceInventoryManagement,v4.0.0,4.0.0,serviceDeleteEvent
TMFC008,ServiceInventory,subscribedEvents,unknown,ServiceInventoryManagement,v4.0.0,4.0.0,serviceStateChangeEvent
TMFC008,ServiceInventory,subscribedEvents,unknown,ServiceOrderingManagement,v4.0.0,4.0.0,serviceOrderDeleteEvent
TMFC009,ServiceQualificationManagement,publishedEvents,TMF645,ServiceQualification,v4.0.0,4.0.0,checkServiceQualificationAttributeValueChangeEvent
TMFC009,ServiceQualificationManagement,publishedEvents,TMF645,ServiceQualification,v4.0.0,4.0.0,checkServiceQualificationCreateEvent
TMFC009,ServiceQualificationManagement,publishedEvents,TMF645,ServiceQualification,v4.0.0,4.0.0,checkServiceQualificationDeleteEvent
TMFC009,ServiceQualificationManagement,publishedEvents,TMF645,ServiceQualification,v4.0.0,4.0.0,checkServiceQualificationInformationRequiredEvent
TMFC009,ServiceQualificationManagement,publishedEvents,TMF645,ServiceQualification,v4.0.0,4.0.0,checkServiceQualificationStateChangeEvent
TMFC009,ServiceQualificationManagement,publishedEvents,TMF645,ServiceQualification,v4.0.0,4.0.0,queryServiceQualificationCreateEvent
TMFC009,ServiceQualificationManagement,publishedEvents,TMF645,ServiceQualification,v4.0.0,4.0.0,queryServiceQualificationDeleteEvent
TMFC009,ServiceQualificationManagement,publishedEvents,TMF645,ServiceQualification,v4.0.0,4.0.0,queryServiceQualificationStateChangeEvent
TMFC010,ResourceCatalogManagement,publishedEvents,TMF634,ResourceCatalogManagement,v4.0.0,4.1.0,exportJobCreateEvent
TMFC010,ResourceCatalogManagement,publishedEvents,TMF634,ResourceCatalogManagement,v4.0.0,4.1.0,exportJobStateChangeEvent
TMFC010,ResourceCatalogManagement,publishedEvents,TMF634,ResourceCatalogManagement,v4.0.0,4.1.0,importJobCreateEvent
TMFC010,ResourceCatalogManagement,publishedEvents,TMF634,ResourceCatalogManagement,v4.0.0,4.1.0,resourceCandidateChangeEvent
TMFC010,ResourceCatalogManagement,publishedEvents,TMF634,ResourceCatalogManagement,v4.0.0,4.1.0,resourceCandidateCreateEvent
TMFC010,ResourceCatalogManagement,publishedEvents,TMF634,ResourceCatalogManagement,v4.0.0,4.1.0,resourceCandidateDeleteEvent
TMFC010,ResourceCatalogManagement,publishedEvents,TMF634,ResourceCatalogManagement,v4.0.0,4.1.0,resourceCatalogChangeEvent
TMFC010,ResourceCatalogManagement,publishedEvents,TMF634,ResourceCatalogManagement,v4.0.0,4.1.0,resourceCatalogCreateEvent
TMFC010,ResourceCatalogManagement,publishedEvents,TMF634,ResourceCatalogManagement,v4.0.0,4.1.0,resourceCatalogDeleteEvent
TMFC010,ResourceCatalogManagement,publishedEvents,TMF634,ResourceCatalogManagement,v4.0.0,4.1.0,resourceCategoryChangeEvent
TMFC010,ResourceCatalogManagement,publishedEvents,TMF634,ResourceCatalogManagement,v4.0.0,4.1.0,resourceCategoryCreateEvent
TMFC010,ResourceCatalogManagement,publishedEvents,TMF634,ResourceCatalogManagement,v4.0.0,4.1.0,resourceCategoryDeleteEvent
TMFC010,ResourceCatalogManagement,publishedEvents,TMF634,ResourceCatalogManagement,v4.0.0,4.1.0,resourceSpecificationChangeEvent
TMFC010,ResourceCatalogManagement,publishedEvents,TMF634,ResourceCatalogManagement,v4.0.0,4.1.0,resourceSpecificationCreateEvent
TMFC010,ResourceCatalogManagement,publishedEvents,TMF634,ResourceCatalogManagement,v4.0.0,4.1.0,resourceSpecificationDeleteEvent
TMFC010,ResourceCatalogManagement,publishedEvents,TMF701,ProcessFlowManagement,v4.0.0,4.1.0,processFlowCreateEvent
TMFC010,ResourceCatalogManagement,publishedEvents,TMF701,ProcessFlowManagement,v4.0.0,4.1.0,processFlowStateAttributeValueChangeEvent
TMFC010,ResourceCatalogManagement,publishedEvents,TMF701,ProcessFlowManagement,v4.0.0,4.1.0,processFlowStateChangeEvent
TMFC010,ResourceCatalogManagement,publishedEvents,TMF701,ProcessFlowManagement,v4.0.0,4.1.0,processFlowStateDeleteEvent
TMFC010,ResourceCatalogManagement,publishedEvents,TMF701,ProcessFlowManagement,v4.0.0,4.1.0,taskFlowAttributeValueChangeEvent
TMFC010,ResourceCatalogManagement,publishedEvents,TMF701,ProcessFlowManagement,v4.0.0,4.1.0,taskFlowCreateEvent
TMFC010,ResourceCatalogManagement,publishedEvents,TMF701,ProcessFlowManagement,v4.0.0,4.1.0,taskFlowDeleteEvent
TMFC010,ResourceCatalogManagement,publishedEvents,TMF701,ProcessFlowManagement,v4.0.0,4.1.0,taskFlowInformationRequiredEvent
TMFC010,ResourceCatalogManagement,publishedEvents,TMF701,ProcessFlowManagement,v4.0.0,4.1.0,taskFlowStateChangeEvent
TMFC010,ResourceCatalogManagement,subscribedEvents,TMF632,Party,v4.0.0,4.0.0,individualDeleteEvent
TMFC010,ResourceCatalogManagement,subscribedEvents,TMF632,Party,v4.0.0,4.0.0,organizationDeleteEvent
TMFC010,ResourceCatalogManagement,subscribedEvents,TMF662,EntityCatalogManagement,v4.0.0,4.0.0,entitySpecificationAttributeValueChangeEvent
TMFC010,ResourceCatalogManagement,subscribedEvents,TMF662,EntityCatalogManagement,v4.0.0,4.0.0,entitySpecificationCreateEvent
TMFC010,ResourceCatalogManagement,subscribedEvents,TMF662,EntityCatalogManagement,v4.0.0,4.0.0,entitySpecificationDeleteEvent
TMFC010,ResourceCatalogManagement,subscribedEvents,TMF662,EntityCatalogManagement,v4.0.0,4.0.0,entitySpecificationStateChangeEvent
TMFC010,ResourceCatalogManagement,subscribedEvents,TMF669,PartyRoleManagement,unknown,unknown,partyRoleDeleteEvent
TMFC011,ResourceOrderManagement,publishedEvents,TMF652,ResourceOrderingManagement,v4.0.0,4.0.0,CancelResourceOrderInformationRequiredEvent
TMFC011,ResourceOrderManagement,publishedEvents,TMF652,ResourceOrderingManagement,v4.0.0,4.0.0,CancelResourceOrderInformationRequiredEventPayload
TMFC011,ResourceOrderManagement,publishedEvents,TMF652,ResourceOrderingManagement,v4.0.0,4.0.0,CancelResourceOrderStateChangeEvent
TMFC011,ResourceOrderManagement,publishedEvents,TMF652,ResourceOrderingManagement,v4.0.0,4.0.0,CancelResourceOrderStateChangeEventPayload
TMFC011,ResourceOrderManagement,publishedEvents,TMF652,ResourceOrderingManagement,v4.0.0,4.0.0,ResourceOrderAttributeValueChangeEvent
TMFC011,ResourceOrderManagement,publishedEvents,TMF652,ResourceOrderingManagement,v4.0.0,4.0.0,ResourceOrderAttributeValueChangeEventPayload
TMFC011,ResourceOrderManagement,publishedEvents,TMF652,ResourceOrderingManagement,v4.0.0,4.0.0,ResourceOrderCreateEvent
TMFC011,ResourceOrderManagement,publishedEvents,TMF652,ResourceOrderingManagement,v4.0.0,4.0.0,ResourceOrderCreateEventPayload
TMFC011,ResourceOrderManagement,publishedEvents,TMF652,ResourceOrderingManagement,v4.0.0,4.0.0,ResourceOrderDeleteEvent
TMFC011,ResourceOrderManagement,publishedEvents,TMF652,ResourceOrderingManagement,v4.0.0,4.0.0,ResourceOrderDeleteEventPayload
TMFC011,ResourceOrderManagement,publishedEvents,TMF652,ResourceOrderingManagement,v4.0.0,4.0.0,ResourceOrderInformationRequiredEvent
TMFC011,ResourceOrderManagement,publishedEvents,TMF652,ResourceOrderingManagement,v4.0.0,4.0.0,ResourceOrderInformationRequiredEventPayload
TMFC011,ResourceOrderManagement,publishedEvents,TMF652,ResourceOrderingManagement,v4.0.0,4.0.0,ResourceOrderStateChangeEvent
TMFC011,ResourceOrderManagement,publishedEvents,TMF652,ResourceOrderingManagement,v4.0.0,4.0.0,ResourceOrderStateChangeEventPayload
TMFC011,ResourceOrderManagement,publishedEvents,TMF701,ProcessFlowManagement,v4.0.0,4.1.0,processFlowCreateEvent
TMFC011,ResourceOrderManagement,publishedEvents,TMF701,ProcessFlowManagement,v4.0.0,4.1.0,processFlowStateAttributeValueChangeEvent
TMFC011,ResourceOrderManagement,publishedEvents,TMF701,ProcessFlowManagement,v4.0.0,4.1.0,processFlowStateChangeEvent
TMFC011,ResourceOrderManagement,publishedEvents,TMF701,ProcessFlowManagement,v4.0.0,4.1.0,processFlowStateDeleteEvent
TMFC011,ResourceOrderManagement,publishedEvents,TMF701,ProcessFlowManagement,v4.0.0,4.1.0,taskFlowAttributeValueChangeEvent
TMFC011,ResourceOrderManagement,publishedEvents,TMF701,ProcessFlowManagement,v4.0.0,4.1.0,taskFlowCreateEvent
TMFC011,ResourceOrderManagement,publishedEvents,TMF701,ProcessFlowManagement,v4.0.0,4.1.0,taskFlowDeleteEvent
TMFC011,ResourceOrderManagement,publishedEvents,TMF701,ProcessFlowManagement,v4.0.0,4.1.0,taskFlowInformationRequiredEvent
TMFC011,ResourceOrderManagement,publishedEvents,TMF701,ProcessFlowManagement,v4.0.0,4.1.0,taskFlowStateChangeEvent
TMFC011,ResourceOrderManagement,subscribedEvents,TMF664,ResourceFunctionActivationConfiguration,v4.0.0,4.0.0,healStatechangeEvent
TMFC011,ResourceOrderManagement,subscribedEvents,TMF664,ResourceFunctionActivationConfiguration,v4.0.0,4.0.0,migrateStatechangeEvent
TMFC011,ResourceOrderManagement,subscribedEvents,TMF664,ResourceFunctionActivationConfiguration,v4.0.0,4.0.0,monitorStatechangeEvent
TMFC011,ResourceOrderManagement,subscribedEvents,TMF664,ResourceFunctionActivationConfiguration,v4.0.0,4.0.0,resourceFunctionChangeEvent
TMFC011,ResourceOrderManagement,subscribedEvents,TMF664,ResourceFunctionActivationConfiguration,v4.0.0,4.0.0,resourceFunctionCreateEvent
TMFC011,ResourceOrderManagement,subscribedEvents,TMF664,ResourceFunctionActivationConfiguration,v4.0.0,4.0.0,scaleStatechangeEvent
TMFC011,ResourceOrderManagement,subscribedEvents,TMF702,ResourceActivationAndConfiguration,v4.0.0,4.0.0,monitorCreateEvent
TMFC011,ResourceOrderManagement,subscribedEvents,TMF702,ResourceActivationAndConfiguration,v4.0.0,4.0.0,monitorStatechangeEvent
TMFC011,ResourceOrderManagement,subscribedEvents,TMF702,ResourceActivationAndConfiguration,v4.0.0,4.0.0,resourceChangeEvent
TMFC012,ResourceInventory,publishedEvents,TMF639,ResourceInventory,v4.0.0,4.0.0,resourceAttributeValueChangeEvent
TMFC012,ResourceInventory,publishedEvents,TMF639,ResourceInventory,v4.0.0,4.0.0,resourceChangeEvent
TMFC012,ResourceInventory,publishedEvents,TMF639,ResourceInventory,v4.0.0,4.0.0,resourceCreateEvent
TMFC012,ResourceInventory,publishedEvents,TMF639,ResourceInventory,v4.0.0,4.0.0,resourceDeleteEvent
TMFC012,ResourceInventory,publishedEvents,TMF701,ProcessFlowManagement,v4.0.0,4.1.0,processFlowCreateEvent
TMFC012,ResourceInventory,publishedEvents,TMF701,ProcessFlowManagement,v4.0.0,4.1.0,processFlowStateAttributeValueChangeEvent
TMFC012,ResourceInventory,publishedEvents,TMF701,ProcessFlowManagement,v4.0.0,4.1.0,processFlowStateChangeEvent
TMFC012,ResourceInventory,publishedEvents,TMF701,ProcessFlowManagement,v4.0.0,4.1.0,processFlowStateDeleteEvent
TMFC012,ResourceInventory,publishedEvents,TMF701,ProcessFlowManagement,v4.0.0,4.1.0,taskFlowAttributeValueChangeEvent
TMFC012,ResourceInventory,publishedEvents,TMF701,ProcessFlowManagement,v4.0.0,4.1.0,taskFlowCreateEvent
TMFC012,ResourceInventory,publishedEvents,TMF701,ProcessFlowManagement,v4.0.0,4.1.0,taskFlowDeleteEvent
TMFC012,ResourceInventory,publishedEvents,TMF701,ProcessFlowManagement,v4.0.0,4.1.0,taskFlowInformationRequiredEvent
TMFC012,ResourceInventory,publishedEvents,TMF701,ProcessFlowManagement,v4.0.0,4.1.0,taskFlowStateChangeEvent
TMFC012,ResourceInventory,subscribedEvents,TMF634,ResourceCatalogManagement,v4.0.0,4.1.0,exportJobCreateEvent
TMFC012,ResourceInventory,subscribedEvents,TMF634,ResourceCatalogManagement,v4.0.0,4.1.0,exportJobStateChangeEvent
TMFC012,ResourceInventory,subscribedEvents,TMF634,ResourceCatalogManagement,v4.0.0,4.1.0,importJobCreateEvent
TMFC012,ResourceInventory,subscribedEvents,TMF634,ResourceCatalogManagement,v4.0.0,4.1.0,resourceCandidateChangeEvent
TMFC012,ResourceInventory,subscribedEvents,TMF634,ResourceCatalogManagement,v4.0.0,4.1.0,resourceCandidateCreateEvent
TMFC012,ResourceInventory,subscribedEvents,TMF634,ResourceCatalogManagement,v4.0.0,4.1.0,resourceCandidateDeleteEvent
TMFC012,ResourceInventory,subscribedEvents,TMF634,ResourceCatalogManagement,v4.0.0,4.1.0,resourceCatalogChangeEvent
TMFC012,ResourceInventory,subscribedEvents,TMF634,ResourceCatalogManagement,v4.0.0,4.1.0,resourceCatalogCreateEvent
TMFC012,ResourceInventory,subscribedEvents,TMF634,ResourceCatalogManagement,v4.0.0,4.1.0,resourceCatalogDeleteEvent
TMFC012,ResourceInventory,subscribedEvents,TMF634,ResourceCatalogManagement,v4.0.0,4.1.0,resourceCategoryChangeEvent
TMFC012,ResourceInventory,subscribedEvents,TMF634,ResourceCatalogManagement,v4.0.0,4.1.0,resourceCategoryCreateEvent
TMFC012,ResourceInventory,subscribedEvents,TMF634,ResourceCatalogManagement,v4.0.0,4.1.0,resourceCategoryDeleteEvent
TMFC012,ResourceInventory,subscribedEvents,TMF634,ResourceCatalogManagement,v4.0.0,4.1.0,resourceSpecificationChangeEvent
TMFC012,ResourceInventory,subscribedEvents,TMF634,ResourceCatalogManagement,v4.0.0,4.1.0,resourceSpecificationCreateEvent
TMFC012,ResourceInventory,subscribedEvents,TMF634,ResourceCatalogManagement,v4.0.0,4.1.0,resourceSpecificationDeleteEvent
TMFC012,ResourceInventory,subscribedEvents,TMF639,ResourceInventory,v4.0.0,4.0.0,resourceAttributeValueChangeEvent
TMFC012,ResourceInventory,subscribedEvents,TMF639,ResourceInventory,v4.0.0,4.0.0,resourceChangeEvent
TMFC012,ResourceInventory,subscribedEvents,TMF639,ResourceInventory,v4.0.0,4.0.0,resourceCreateEvent
TMFC012,ResourceInventory,subscribedEvents,TMF639,ResourceInventory,v4.0.0,4.0.0,resourceDeleteEvent
TMFC012,ResourceInventory,subscribedEvents,TMF669,PartyRoleManagement,v4.0.0,4.0.0,PartyRoleAttributeValueChangeEvent
TMFC012,ResourceInventory,subscribedEvents,TMF669,PartyRoleManagement,v4.0.0,4.0.0,PartyRoleCreateEvent
TMFC012,ResourceInventory,subscribedEvents,TMF669,PartyRoleManagement,v4.0.0,4.0.0,PartyRoleDeleteEvent
TMFC012,ResourceInventory,subscribedEvents,TMF669,PartyRoleManagement,v4.0.0,4.0.0,PartyRoleStateChangeEvent
TMFC012,ResourceInventory,subscribedEvents,unknown,GeographicLocation,v4.0.0,4.0.0,geographicLocationDeleteEvent
TMFC012,ResourceInventory,subscribedEvents,unknown,GeographicSiteManagement,v4.0.0,4.0.0,geographicSiteDeleteEvent
TMFC012,ResourceInventory,subscribedEvents,unknown,PartyManagement,v4.0.0,4.0.0,individualDeleteEvent
TMFC012,ResourceInventory,subscribedEvents,unknown,PartyManagement,v4.0.0,4.0.0,organizationDeleteEvent
TMFC014,LocationManagement,publishedEvents,TMF673,GeographicAddressManagement,v4.0.0,4.0.1,geographicAddressValidationStateChangeEvent
TMFC014,LocationManagement,publishedEvents,TMF674,GeographicSiteManagement,v4.0.0,4.0.0,geographicSiteAttributeValueChangeEvent
TMFC014,LocationManagement,publishedEvents,TMF674,GeographicSiteManagement,v4.0.0,4.0.0,geographicSiteCreateEvent
TMFC014,LocationManagement,publishedEvents,TMF674,GeographicSiteManagement,v4.0.0,4.0.0,geographicSiteDeleteEvent
TMFC014,LocationManagement,publishedEvents,TMF674,GeographicSiteManagement,v4.0.0,4.0.0,geographicSiteStatusChangeEvent
TMFC014,LocationManagement,publishedEvents,TMF675,GeographicLocation,v4.0.0,4.0.0,geographicLocationAttributeValueChangeEvent
TMFC014,LocationManagement,publishedEvents,TMF675,GeographicLocation,v4.0.0,4.0.0,geographicLocationCreateEvent
TMFC014,LocationManagement,publishedEvents,TMF675,GeographicLocation,v4.0.0,4.0.0,geographicLocationDeleteEvent
TMFC020,DigitalIdentityManagement,publishedEvents,TMF720,digitalIdentity,v4.0.0,4.0.0,DigitalIdentityAttributeValueChangeEvent
TMFC020,DigitalIdentityManagement,publishedEvents,TMF720,digitalIdentity,v4.0.0,4.0.0,DigitalIdentityCreateEvent
TMFC020,DigitalIdentityManagement,publishedEvents,TMF720,digitalIdentity,v4.0.0,4.0.0,DigitalIdentityDeleteEvent
TMFC020,DigitalIdentityManagement,publishedEvents,TMF720,digitalIdentity,v4.0.0,4.0.0,DigitalIdentityStateChangeEvent
TMFC020,DigitalIdentityManagement,subscribedEvents,TMF669,PartyRoleManagement,v4.0.0,4.0.0,UserRoleChangeNotification
TMFC020,DigitalIdentityManagement,subscribedEvents,TMF669,PartyRoleManagement,v4.0.0,4.0.0,UserRoleCreationNotification
TMFC023,PartyInteractionManagement,publishedEvents,TMF683,PartyInteractionManagement,unknown,1.0.0,partyInteractionAttributeValueChangeEvent
TMFC023,PartyInteractionManagement,publishedEvents,TMF683,PartyInteractionManagement,unknown,1.0.0,partyInteractionCreateEvent
TMFC023,PartyInteractionManagement,publishedEvents,TMF683,PartyInteractionManagement,unknown,1.0.0,partyInteractionDeleteEvent
TMFC023,PartyInteractionManagement,publishedEvents,TMF683,PartyInteractionManagement,unknown,1.0.0,partyInteractionStatusChangeEvent
TMFC023,PartyInteractionManagement,publishedEvents,TMF701,ProcessFlowManagement,v4.0.0,4.1.0,processFlowCreateEvent
TMFC023,PartyInteractionManagement,publishedEvents,TMF701,ProcessFlowManagement,v4.0.0,4.1.0,processFlowStateAttributeValueChangeEvent
TMFC023,PartyInteractionManagement,publishedEvents,TMF701,ProcessFlowManagement,v4.0.0,4.1.0,processFlowStateChangeEvent
TMFC023,PartyInteractionManagement,publishedEvents,TMF701,ProcessFlowManagement,v4.0.0,4.1.0,processFlowStateDeleteEvent
TMFC023,PartyInteractionManagement,publishedEvents,TMF701,ProcessFlowManagement,v4.0.0,4.1.0,taskFlowAttributeValueChangeEvent
TMFC023,PartyInteractionManagement,publishedEvents,TMF701,ProcessFlowManagement,v4.0.0,4.1.0,taskFlowCreateEvent
TMFC023,PartyInteractionManagement,publishedEvents,TMF701,ProcessFlowManagement,v4.0.0,4.1.0,taskFlowDeleteEvent
TMFC023,PartyInteractionManagement,publishedEvents,TMF701,ProcessFlowManagement,v4.0.0,4.1.0,taskFlowInformationRequiredEvent
TMFC023,PartyInteractionManagement,publishedEvents,TMF701,ProcessFlowManagement,v4.0.0,4.1.0,taskFlowStateChangeEvent
TMFC023,PartyInteractionManagement,subscribedEvents,TMF632,PartyManagement,v4.0.0,4.0.0,individualAttributeValueChangeEvent
TMFC023,PartyInteractionManagement,subscribedEvents,TMF632,PartyManagement,v4.0.0,4.0.0,individualCreateEvent
TMFC023,PartyInteractionManagement,subscribedEvents,TMF632,PartyManagement,v4.0.0,4.0.0,individualDeleteEvent
TMFC023,PartyInteractionManagement,subscribedEvents,TMF632,PartyManagement,v4.0.0,4.0.0,individualStateChangeEvent
TMFC023,PartyInteractionManagement,subscribedEvents,TMF632,PartyManagement,v4.0.0,4.0.0,organizationAttributeValueChangeEvent
TMFC023,PartyInteractionManagement,subscribedEvents,TMF632,PartyManagement,v4.0.0,4.0.0,organizationCreateEvent
TMFC023,PartyInteractionManagement,subscribedEvents,TMF632,PartyManagement,v4.0.0,4.0.0,organizationDeleteEvent
TMFC023,PartyInteractionManagement,subscribedEvents,TMF632,PartyManagement,v4.0.0,4.0.0,organizationStateChangeEvent
TMFC023,PartyInteractionManagement,subscribedEvents,TMF667,documentManagement,v4.0.0,4.0.0,documentChangeEvent
TMFC023,PartyInteractionManagement,subscribedEvents,TMF667,documentManagement,v4.0.0,4.0.0,documentSpecificationAttributeValueChangeEvent
TMFC023,PartyInteractionManagement,subscribedEvents,TMF669,PartyRoleManagement,v4.0.0,4.0.0,partyRoleCreateEvent
TMFC023,PartyInteractionManagement,subscribedEvents,TMF701,ProcessFlowManagement,v4.0.0,4.1.0,processFlowCreateEvent
TMFC023,PartyInteractionManagement,subscribedEvents,TMF701,ProcessFlowManagement,v4.0.0,4.1.0,processFlowStateChangeEvent
TMFC023,PartyInteractionManagement,subscribedEvents,TMF701,ProcessFlowManagement,v4.0.0,4.1.0,taskFlowCreateEvent
TMFC023,PartyInteractionManagement,subscribedEvents,TMF701,ProcessFlowManagement,v4.0.0,4.1.0,taskFlowStateChangeEvent
TMFC024,BillingAccountManagement,publishedEvents,TMF666,AccountManagement,v4.0.0,4.0.0,billingAccountAttributeValueChangeEvent
TMFC024,BillingAccountManagement,publishedEvents,TMF666,AccountManagement,v4.0.0,4.0.0,billingAccountStateChangeEvent
TMFC024,BillingAccountManagement,subscribedEvents,TMF669,PartyRoleManagement,v4.0.0,4.0.0,partyRoleAttributeValueChangeEvent
TMFC024,BillingAccountManagement,subscribedEvents,TMF669,PartyRoleManagement,v4.0.0,4.0.0,partyRoleCreateEvent
TMFC024,BillingAccountManagement,subscribedEvents,TMF669,PartyRoleManagement,v4.0.0,4.0.0,partyRoleDeleteEvent
TMFC024,BillingAccountManagement,subscribedEvents,TMF669,PartyRoleManagement,v4.0.0,4.0.0,partyRoleStateChangeEvent
TMFC027,ProductConfigurator,publishedEvents,TMF679,ProductConfiguration,v4.0.0,4.0.0,ProductOfferingQualificationAttributeValueChangeEvent
TMFC027,ProductConfigurator,publishedEvents,TMF679,ProductConfiguration,v4.0.0,4.0.0,ProductOfferingQualificationCreateEvent
TMFC027,ProductConfigurator,publishedEvents,TMF679,ProductConfiguration,v4.0.0,4.0.0,ProductOfferingQualificationDeleteEvent
TMFC027,ProductConfigurator,publishedEvents,TMF679,ProductConfiguration,v4.0.0,4.0.0,ProductOfferingQualificationInformationRequiredEvent
TMFC027,ProductConfigurator,publishedEvents,TMF679,ProductConfiguration,v4.0.0,4.0.0,ProductOfferingQualificationStateChangeEvent
TMFC027,ProductConfigurator,publishedEvents,unknown,ProductConfiguration,unknown,unknown,checkProductConfigurationAttributeValueChangeEvent
TMFC027,ProductConfigurator,publishedEvents,unknown,ProductConfiguration,unknown,unknown,checkProductConfigurationCreateEvent
TMFC027,ProductConfigurator,publishedEvents,unknown,ProductConfiguration,unknown,unknown,checkProductConfigurationDeleteEvent
TMFC027,ProductConfigurator,publishedEvents,unknown,ProductConfiguration,unknown,unknown,checkProductConfigurationStateChangeEvent
TMFC027,ProductConfigurator,publishedEvents,unknown,ProductConfiguration,unknown,unknown,queryProductConfigurationAttributeValueChangeEvent
TMFC027,ProductConfigurator,publishedEvents,unknown,ProductConfiguration,unknown,unknown,queryProductConfigurationCreateEvent
TMFC027,ProductConfigurator,publishedEvents,unknown,ProductConfiguration,unknown,unknown,queryProductConfigurationDeleteEvent
TMFC027,ProductConfigurator,publishedEvents,unknown,ProductConfiguration,unknown,unknown,queryProductConfigurationStateChangeEvent
TMFC027,ProductConfigurator,subscribedEvents,TMF622,ProductCatalogManagement,v4.0.0,4.0.0,CatalogAttributeValueChangeEvent
TMFC027,ProductConfigurator,subscribedEvents,TMF622,ProductCatalogManagement,v4.0.0,4.0.0,CatalogCreateEvent
TMFC027,ProductConfigurator,subscribedEvents,TMF622,ProductCatalogManagement,v4.0.0,4.0.0,CatalogStateChangeEvent
TMFC027,ProductConfigurator,subscribedEvents,TMF622,ProductCatalogManagement,v4.0.0,4.0.0,ProductOfferingAttributeValueChangeEvent
TMFC027,ProductConfigurator,subscribedEvents,TMF622,ProductCatalogManagement,v4.0.0,4.0.0,ProductOfferingCreateEvent
TMFC027,ProductConfigurator,subscribedEvents,TMF622,ProductCatalogManagement,v4.0.0,4.0.0,ProductOfferingDeleteEvent
TMFC027,ProductConfigurator,subscribedEvents,TMF622,ProductCatalogManagement,v4.0.0,4.0.0,ProductOfferingPriceAttributeValueChangeEvent
TMFC027,ProductConfigurator,subscribedEvents,TMF622,ProductCatalogManagement,v4.0.0,4.0.0,ProductOfferingPriceCreateEvent
TMFC027,ProductConfigurator,subscribedEvents,TMF622,ProductCatalogManagement,v4.0.0,4.0.0,ProductOfferingPriceDeleteEvent
TMFC027,ProductConfigurator,subscribedEvents,TMF622,ProductCatalogManagement,v4.0.0,4.0.0,ProductOfferingPriceStateChangeEvent
TMFC027,ProductConfigurator,subscribedEvents,TMF622,ProductCatalogManagement,v4.0.0,4.0.0,ProductOfferingStateChangeEvent
TMFC027,ProductConfigurator,subscribedEvents,TMF622,ProductCatalogManagement,v4.0.0,4.0.0,ProductSpecificationAttributeValueChangeEvent
TMFC027,ProductConfigurator,subscribedEvents,TMF622,ProductCatalogManagement,v4.0.0,4.0.0,ProductSpecificationCreateEvent
TMFC027,ProductConfigurator,subscribedEvents,TMF622,ProductCatalogManagement,v4.0.0,4.0.0,ProductSpecificationDeleteEvent
TMFC027,ProductConfigurator,subscribedEvents,TMF622,ProductCatalogManagement,v4.0.0,4.0.0,ProductSpecificationStateChangeEvent
TMFC027,ProductConfigurator,subscribedEvents,TMF645,ServiceQualification,v4.0.0,4.0.0,checkServiceQualificationStateChangeEvent
TMFC027,ProductConfigurator,subscribedEvents,TMF645,ServiceQualification,v4.0.0,4.0.0,queryServiceQualificationStateChangeEvent
TMFC028,PartyManagement,publishedEvents,TMF632,Party Management API,v4.0.0,4.0.0,IndividualAttributeValueChangeEvent
TMFC028,PartyManagement,publishedEvents,TMF632,Party Management API,v4.0.0,4.0.0,IndividualCreateEvent
TMFC028,PartyManagement,publishedEvents,TMF632,Party Management API,v4.0.0,4.0.0,IndividualDeleteEvent
TMFC028,PartyManagement,publishedEvents,TMF632,Party Management API,v4.0.0,4.0.0,IndividualStateChangeEvent
TMFC028,PartyManagement,publishedEvents,TMF632,Party Management API,v4.0.0,4.0.0,OrganizationAttributeValueChangeEvent
TMFC028,PartyManagement,publishedEvents,TMF632,Party Management API,v4.0.0,4.0.0,OrganizationCreateEvent
TMFC028,PartyManagement,publishedEvents,TMF632,Party Management API,v4.0.0,4.0.0,OrganizationDeleteEvent
TMFC028,PartyManagement,publishedEvents,TMF632,Party Management API,v4.0.0,4.0.0,OrganizationStateChangeEvent
TMFC029,PaymentManagement,publishedEvents,TMF670,PaymentMethods,v4.0.0,4.0.0,PaymentMethodAttributeValueChangeEvent
TMFC029,PaymentManagement,publishedEvents,TMF670,PaymentMethods,v4.0.0,4.0.0,PaymentMethodCreateEvent
TMFC029,PaymentManagement,publishedEvents,TMF670,PaymentMethods,v4.0.0,4.0.0,PaymentMethodDeleteEvent
TMFC029,PaymentManagement,publishedEvents,TMF670,PaymentMethods,v4.0.0,4.0.0,PaymentMethodStatusChangeEvent
TMFC029,PaymentManagement,publishedEvents,TMF676,PaymentManagement,v4.0.0,4.0.0,PaymentAttributeValueChangeEvent
TMFC029,PaymentManagement,publishedEvents,TMF676,PaymentManagement,v4.0.0,4.0.0,PaymentCreateEvent
TMFC029,PaymentManagement,publishedEvents,TMF676,PaymentManagement,v4.0.0,4.0.0,PaymentDeleteEvent
TMFC029,PaymentManagement,publishedEvents,TMF676,PaymentManagement,v4.0.0,4.0.0,PaymentStatusChangeEvent
TMFC029,PaymentManagement,publishedEvents,TMF676,PaymentManagement,v4.0.0,4.0.0,RefundAttributeValueChangeEvent
TMFC029,PaymentManagement,publishedEvents,TMF676,PaymentManagement,v4.0.0,4.0.0,RefundCreateEvent
TMFC029,PaymentManagement,publishedEvents,TMF676,PaymentManagement,v4.0.0,4.0.0,RefundStatusChangeEvent
TMFC029,PaymentManagement,publishedEvents,TMF701,ProcessFlowManagement,v4.0.0,4.1.0,ProcessFlowCreateEvent
TMFC029,PaymentManagement,publishedEvents,TMF701,ProcessFlowManagement,v4.0.0,4.1.0,ProcessFlowStateAttributeValueChangeEvent
TMFC029,PaymentManagement,publishedEvents,TMF701,ProcessFlowManagement,v4.0.0,4.1.0,ProcessFlowStateChangeEvent
TMFC029,PaymentManagement,publishedEvents,TMF701,ProcessFlowManagement,v4.0.0,4.1.0,ProcessFlowStateDeleteEvent
TMFC029,PaymentManagement,publishedEvents,TMF701,ProcessFlowManagement,v4.0.0,4.1.0,TaskFlowAttributeValueChangeEvent
TMFC029,PaymentManagement,publishedEvents,TMF701,ProcessFlowManagement,v4.0.0,4.1.0,TaskFlowCreateEvent
TMFC029,PaymentManagement,publishedEvents,TMF701,ProcessFlowManagement,v4.0.0,4.1.0,TaskFlowDeleteEvent
TMFC029,PaymentManagement,publishedEvents,TMF701,ProcessFlowManagement,v4.0.0,4.1.0,TaskFlowInformationRequiredEvent
TMFC029,PaymentManagement,publishedEvents,TMF701,ProcessFlowManagement,v4.0.0,4.1.0,TaskFlowStateChangeEvent
TMFC030,BillGenerationManagement,subscribedEvents,TMF669,partyRoleManagement,v4.0.0,4.0.0,partyRoleAttributeValueChangeEvent
TMFC030,BillGenerationManagement,subscribedEvents,TMF669,partyRoleManagement,v4.0.0,4.0.0,partyRoleDeleteEvent
TMFC030,BillGenerationManagement,subscribedEvents,TMF669,partyRoleManagement,v4.0.0,4.0.0,partyRoleStateChangeEvent
TMFC031,BillCalculation,subscribedEvents,TMF635,usageManagement,v4.0.0,4.0.0,UsageAttributeValueChangeEvent
TMFC031,BillCalculation,subscribedEvents,TMF635,usageManagement,v4.0.0,4.0.0,UsageCreateEvent
TMFC031,BillCalculation,subscribedEvents,TMF635,usageManagement,v4.0.0,4.0.0,UsageDeleteEvent
TMFC031,BillCalculation,subscribedEvents,TMF635,usageManagement,v4.0.0,4.0.0,UsageSpecificationAttributeValueChangeEvent
TMFC031,BillCalculation,subscribedEvents,TMF635,usageManagement,v4.0.0,4.0.0,UsageSpecificationCreateEvent
TMFC031,BillCalculation,subscribedEvents,TMF635,usageManagement,v4.0.0,4.0.0,UsageSpecificationDeleteEvent
TMFC031,BillCalculation,subscribedEvents,TMF635,usageManagement,v4.0.0,4.0.0,UsageStateChangeEvent
TMFC035,PermissionsManagement,publishedEvents,TMF669,partyRole,v4.0.0,4.0.0,PartyRoleAttributeValueChangeEvent
TMFC035,PermissionsManagement,publishedEvents,TMF669,partyRole,v4.0.0,4.0.0,PartyRoleCreateEvent
TMFC035,PermissionsManagement,publishedEvents,TMF669,partyRole,v4.0.0,4.0.0,PartyRoleDeleteEvent
TMFC035,PermissionsManagement,publishedEvents,TMF669,partyRole,v4.0.0,4.0.0,PartyRoleStateChangeEvent
TMFC035,PermissionsManagement,publishedEvents,TMF672,userRole,v4.0.0,4.0.0,permissionAttributeValueChangeEvent
TMFC035,PermissionsManagement,publishedEvents,TMF672,userRole,v4.0.0,4.0.0,permissionCreateEvent
TMFC035,PermissionsManagement,publishedEvents,TMF672,userRole,v4.0.0,4.0.0,permissionDeleteEvent
TMFC035,PermissionsManagement,publishedEvents,TMF672,userRole,v4.0.0,4.0.0,permissionStateChangeEvent
TMFC035,PermissionsManagement,publishedEvents,TMF672,userRole,v4.0.0,4.0.0,userRoleAttributeValueChangeEvent
TMFC035,PermissionsManagement,publishedEvents,TMF672,userRole,v4.0.0,4.0.0,userRoleCreateEvent
TMFC035,PermissionsManagement,publishedEvents,TMF672,userRole,v4.0.0,4.0.0,userRoleDeleteEvent
TMFC035,PermissionsManagement,publishedEvents,TMF672,userRole,v4.0.0,4.0.0,userRoleStateChangeEvent
TMFC035,PermissionsManagement,subscribedEvents,TMF632,PartyManagement,v4.0.0,4.0.0,individualAttributeValueChangeEvent
TMFC035,PermissionsManagement,subscribedEvents,TMF632,PartyManagement,v4.0.0,4.0.0,individualCreateEvent
TMFC035,PermissionsManagement,subscribedEvents,TMF632,PartyManagement,v4.0.0,4.0.0,individualStateChangeEvent
TMFC035,PermissionsManagement,subscribedEvents,TMF632,PartyManagement,v4.0.0,4.0.0,organizationAttributeValueChangeEvent
TMFC035,PermissionsManagement,subscribedEvents,TMF632,PartyManagement,v4.0.0,4.0.0,organizationCreateEvenet
TMFC035,PermissionsManagement,subscribedEvents,TMF632,PartyManagement,v4.0.0,4.0.0,organizationStateChangeEvent
TMFC035,PermissionsManagement,subscribedEvents,TMF701,ProcessFlowManagement,v4.0.0,4.1.0,processFlowCreateEvent
TMFC035,PermissionsManagement,subscribedEvents,TMF701,ProcessFlowManagement,v4.0.0,4.1.0,processFlowStateChangeEvent
TMFC035,PermissionsManagement,subscribedEvents,TMF701,ProcessFlowManagement,v4.0.0,4.1.0,taskFlowCreateEvent
TMFC035,PermissionsManagement,subscribedEvents,TMF701,ProcessFlowManagement,v4.0.0,4.1.0,taskFlowStateChangeEvent
TMFC036,LeadAndOpportunityManagement,publishedEvents,TMF699,SalesManagement,v4.0.0,4.0.0,SalesLeadAttributeValueChangeEvent
TMFC036,LeadAndOpportunityManagement,publishedEvents,TMF699,SalesManagement,v4.0.0,4.0.0,SalesLeadCreateEvent
TMFC036,LeadAndOpportunityManagement,publishedEvents,TMF699,SalesManagement,v4.0.0,4.0.0,SalesLeadDeleteEvent
TMFC036,LeadAndOpportunityManagement,publishedEvents,TMF699,SalesManagement,v4.0.0,4.0.0,SalesLeadStateChangeEvent
TMFC036,LeadAndOpportunityManagement,publishedEvents,TMF699,SalesManagement,v4.0.0,4.0.0,SalesOpportunityAttributeValueChangeEvent
TMFC036,LeadAndOpportunityManagement,publishedEvents,TMF699,SalesManagement,v4.0.0,4.0.0,SalesOpportunityCreateEvent
TMFC036,LeadAndOpportunityManagement,publishedEvents,TMF699,SalesManagement,v4.0.0,4.0.0,SalesOpportunityDeleteEvent
TMFC036,LeadAndOpportunityManagement,publishedEvents,TMF699,SalesManagement,v4.0.0,4.0.0,SalesOpportunityStateChangeEvent
TMFC036,LeadAndOpportunityManagement,publishedEvents,TMF701,ProcessFlowManagement,v4.0.0,4.1.0,processFlowCreateEvent
TMFC036,LeadAndOpportunityManagement,publishedEvents,TMF701,ProcessFlowManagement,v4.0.0,4.1.0,processFlowSpecificationAttributeValueChangeEvent
TMFC036,LeadAndOpportunityManagement,publishedEvents,TMF701,ProcessFlowManagement,v4.0.0,4.1.0,processFlowSpecificationCreateEvent
TMFC036,LeadAndOpportunityManagement,publishedEvents,TMF701,ProcessFlowManagement,v4.0.0,4.1.0,processFlowSpecificationDeleteEvent
TMFC036,LeadAndOpportunityManagement,publishedEvents,TMF701,ProcessFlowManagement,v4.0.0,4.1.0,processFlowSpecificationStateChangeEvent
TMFC036,LeadAndOpportunityManagement,publishedEvents,TMF701,ProcessFlowManagement,v4.0.0,4.1.0,processFlowStateAttributeValueChangeEvent
TMFC036,LeadAndOpportunityManagement,publishedEvents,TMF701,ProcessFlowManagement,v4.0.0,4.1.0,processFlowStateChangeEvent
TMFC036,LeadAndOpportunityManagement,publishedEvents,TMF701,ProcessFlowManagement,v4.0.0,4.1.0,processFlowStateDeleteEvent
TMFC036,LeadAndOpportunityManagement,publishedEvents,TMF701,ProcessFlowManagement,v4.0.0,4.1.0,taskFlowAttributeValueChangeEvent
TMFC036,LeadAndOpportunityManagement,publishedEvents,TMF701,ProcessFlowManagement,v4.0.0,4.1.0,taskFlowCreateEvent
TMFC036,LeadAndOpportunityManagement,publishedEvents,TMF701,ProcessFlowManagement,v4.0.0,4.1.0,taskFlowDeleteEvent
TMFC036,LeadAndOpportunityManagement,publishedEvents,TMF701,ProcessFlowManagement,v4.0.0,4.1.0,taskFlowInformationRequiredEvent
TMFC036,LeadAndOpportunityManagement,publishedEvents,TMF701,ProcessFlowManagement,v4.0.0,4.1.0,taskFlowSpecificationAttributeValueChangeEvent
TMFC036,LeadAndOpportunityManagement,publishedEvents,TMF701,ProcessFlowManagement,v4.0.0,4.1.0,taskFlowSpecificationCreateEvent
TMFC036,LeadAndOpportunityManagement,publishedEvents,TMF701,ProcessFlowManagement,v4.0.0,4.1.0,taskFlowSpecificationDeleteEvent
TMFC036,LeadAndOpportunityManagement,publishedEvents,TMF701,ProcessFlowManagement,v4.0.0,4.1.0,taskFlowSpecificationStateChangeEvent
TMFC036,LeadAndOpportunityManagement,publishedEvents,TMF701,ProcessFlowManagement,v4.0.0,4.1.0,taskFlowStateChangeEvent
TMFC036,LeadAndOpportunityManagement,subscribedEvents,TMF620,ProductCatalogManagement,v4.0.0,4.0.0,ProductOfferingAttributeValueChangeEvent
TMFC036,LeadAndOpportunityManagement,subscribedEvents,TMF620,ProductCatalogManagement,v4.0.0,4.0.0,ProductOfferingCreateEvent
TMFC036,LeadAndOpportunityManagement,subscribedEvents,TMF620,ProductCatalogManagement,v4.0.0,4.0.0,ProductOfferingDeleteEvent
TMFC036,LeadAndOpportunityManagement,subscribedEvents,TMF620,ProductCatalogManagement,v4.0.0,4.0.0,ProductOfferingPriceAttributeValueChangeEvent
TMFC036,LeadAndOpportunityManagement,subscribedEvents,TMF620,ProductCatalogManagement,v4.0.0,4.0.0,ProductOfferingPriceCreateEvent
TMFC036,LeadAndOpportunityManagement,subscribedEvents,TMF620,ProductCatalogManagement,v4.0.0,4.0.0,ProductOfferingPriceDeleteEvent
TMFC036,LeadAndOpportunityManagement,subscribedEvents,TMF620,ProductCatalogManagement,v4.0.0,4.0.0,ProductOfferingPriceStateChangeEvent
TMFC036,LeadAndOpportunityManagement,subscribedEvents,TMF620,ProductCatalogManagement,v4.0.0,4.0.0,ProductOfferingStateChangeEvent
TMFC036,LeadAndOpportunityManagement,subscribedEvents,TMF620,ProductCatalogManagement,v4.0.0,4.0.0,ProductSpecificationAttributeValueChangeEvent
TMFC036,LeadAndOpportunityManagement,subscribedEvents,TMF620,ProductCatalogManagement,v4.0.0,4.0.0,ProductSpecificationCreateEvent
TMFC036,LeadAndOpportunityManagement,subscribedEvents,TMF620,ProductCatalogManagement,v4.0.0,4.0.0,ProductSpecificationDeleteEvent
TMFC036,LeadAndOpportunityManagement,subscribedEvents,TMF620,ProductCatalogManagement,v4.0.0,4.0.0,ProductSpecificationStateChangeEvent
TMFC036,LeadAndOpportunityManagement,subscribedEvents,TMF622,ProductOrder,v4.0.0,4.0.0,ProductOrderAttributeValueChangeEvent
TMFC036,LeadAndOpportunityManagement,subscribedEvents,TMF622,ProductOrder,v4.0.0,4.0.0,ProductOrderCreateEvent
TMFC036,LeadAndOpportunityManagement,subscribedEvents,TMF622,ProductOrder,v4.0.0,4.0.0,ProductOrderDeleteEvent
TMFC036,LeadAndOpportunityManagement,subscribedEvents,TMF622,ProductOrder,v4.0.0,4.0.0,ProductOrderInformationRequiredEvent
TMFC036,LeadAndOpportunityManagement,subscribedEvents,TMF622,ProductOrder,v4.0.0,4.0.0,ProductOrderStateChangeEvent
TMFC036,LeadAndOpportunityManagement,subscribedEvents,TMF632,PartyManagement,v4.0.0,4.0.0,IndividualAttributeValueChangeEvent
TMFC036,LeadAndOpportunityManagement,subscribedEvents,TMF632,PartyManagement,v4.0.0,4.0.0,IndividualCreateEvent
TMFC036,LeadAndOpportunityManagement,subscribedEvents,TMF632,PartyManagement,v4.0.0,4.0.0,IndividualDeleteEvent
TMFC036,LeadAndOpportunityManagement,subscribedEvents,TMF632,PartyManagement,v4.0.0,4.0.0,IndividualStateChangeEvent
TMFC036,LeadAndOpportunityManagement,subscribedEvents,TMF632,PartyManagement,v4.0.0,4.0.0,OrganizationAttributeValueChangeEvent
TMFC036,LeadAndOpportunityManagement,subscribedEvents,TMF632,PartyManagement,v4.0.0,4.0.0,OrganizationCreateEvent
TMFC036,LeadAndOpportunityManagement,subscribedEvents,TMF632,PartyManagement,v4.0.0,4.0.0,OrganizationDeleteEvent
TMFC036,LeadAndOpportunityManagement,subscribedEvents,TMF632,PartyManagement,v4.0.0,4.0.0,OrganizationStateChangeEvent
TMFC036,LeadAndOpportunityManagement,subscribedEvents,TMF648,QuoteManagement,v4.0.0,4.0.0,QuoteAttributeValueChangeEvent
TMFC036,LeadAndOpportunityManagement,subscribedEvents,TMF648,QuoteManagement,v4.0.0,4.0.0,QuoteCreateEvent
TMFC036,LeadAndOpportunityManagement,subscribedEvents,TMF648,QuoteManagement,v4.0.0,4.0.0,QuoteDeleteEvent
TMFC036,LeadAndOpportunityManagement,subscribedEvents,TMF648,QuoteManagement,v4.0.0,4.0.0,QuoteInformationRequiredEvent
TMFC036,LeadAndOpportunityManagement,subscribedEvents,TMF648,QuoteManagement,v4.0.0,4.0.0,QuoteStateChangeEvent
TMFC036,LeadAndOpportunityManagement,subscribedEvents,TMF651,AgreementManagement,v4.0.0,4.0.0,AgreementAttributeValueChangeEvent
TMFC036,LeadAndOpportunityManagement,subscribedEvents,TMF651,AgreementManagement,v4.0.0,4.0.0,AgreementCreateEvent
TMFC036,LeadAndOpportunityManagement,subscribedEvents,TMF651,AgreementManagement,v4.0.0,4.0.0,AgreementDeleteEvent
TMFC036,LeadAndOpportunityManagement,subscribedEvents,TMF651,AgreementManagement,v4.0.0,4.0.0,AgreementSpecificationAttributeValueChangeEvent
TMFC036,LeadAndOpportunityManagement,subscribedEvents,TMF651,AgreementManagement,v4.0.0,4.0.0,AgreementSpecificationCreateEvent
TMFC036,LeadAndOpportunityManagement,subscribedEvents,TMF651,AgreementManagement,v4.0.0,4.0.0,AgreementSpecificationDeleteEvent
TMFC036,LeadAndOpportunityManagement,subscribedEvents,TMF651,AgreementManagement,v4.0.0,4.0.0,AgreementSpecificationStateChangeEvent
TMFC036,LeadAndOpportunityManagement,subscribedEvents,TMF651,AgreementManagement,v4.0.0,4.0.0,AgreementStateChangeEvent
TMFC036,LeadAndOpportunityManagement,subscribedEvents,TMF701,PartyRoleManagement,v4.0.0,4.1.0,PartyRoleAttributeValueChangeEvent
TMFC036,LeadAndOpportunityManagement,subscribedEvents,TMF701,PartyRoleManagement,v4.0.0,4.1.0,PartyRoleCreateEvent
TMFC036,LeadAndOpportunityManagement,subscribedEvents,TMF701,PartyRoleManagement,v4.0.0,4.1.0,PartyRoleDeleteEvent
TMFC036,LeadAndOpportunityManagement,subscribedEvents,TMF701,PartyRoleManagement,v4.0.0,4.1.0,PartyRoleStateChangeEvent
TMFC037,ServicePerformanceManagement,publishedEvents,TMF628,PerformanceManagement,v4.0.0,4.1.0,measurementCollectionJobAttributeValueChangeEvent
TMFC037,ServicePerformanceManagement,publishedEvents,TMF628,PerformanceManagement,v4.0.0,4.1.0,measurementCollectionJobCreateEvent
TMFC037,ServicePerformanceManagement,publishedEvents,TMF628,PerformanceManagement,v4.0.0,4.1.0,measurementCollectionJobDeleteEvent
TMFC037,ServicePerformanceManagement,publishedEvents,TMF628,PerformanceManagement,v4.0.0,4.1.0,measurementCollectionJobExecutionStateChangeEvent
TMFC037,ServicePerformanceManagement,publishedEvents,TMF628,PerformanceManagement,v4.0.0,4.1.0,measurementCollectionJobFilesPreparationErrorEvent
TMFC037,ServicePerformanceManagement,publishedEvents,TMF628,PerformanceManagement,v4.0.0,4.1.0,measurementCollectionJobFilesReadyEvent
TMFC037,ServicePerformanceManagement,publishedEvents,TMF628,PerformanceManagement,v4.0.0,4.1.0,onDemandCollectionAttributeValueChangeEvent
TMFC037,ServicePerformanceManagement,publishedEvents,TMF628,PerformanceManagement,v4.0.0,4.1.0,onDemandCollectionCreateEvent
TMFC037,ServicePerformanceManagement,publishedEvents,TMF628,PerformanceManagement,v4.0.0,4.1.0,onDemandCollectionDeleteEvent
TMFC037,ServicePerformanceManagement,publishedEvents,TMF628,PerformanceManagement,v4.0.0,4.1.0,onDemandCollectionExecutionStateChangeEvent
TMFC037,ServicePerformanceManagement,publishedEvents,TMF628,PerformanceManagement,v4.0.0,4.1.0,onDemandCollectionFilesPreparationErrorEvent
TMFC037,ServicePerformanceManagement,publishedEvents,TMF628,PerformanceManagement,v4.0.0,4.1.0,onDemandCollectionFilesReadyEvent
TMFC037,ServicePerformanceManagement,publishedEvents,TMF628,PerformanceManagement,v4.0.0,4.1.0,thresholdChangeNotification
TMFC037,ServicePerformanceManagement,publishedEvents,TMF628,PerformanceManagement,v4.0.0,4.1.0,thresholdCreateNotification
TMFC037,ServicePerformanceManagement,publishedEvents,TMF628,PerformanceManagement,v4.0.0,4.1.0,thresholdJobChangedNotification
TMFC037,ServicePerformanceManagement,publishedEvents,TMF628,PerformanceManagement,v4.0.0,4.1.0,thresholdJobCreateNotification
TMFC037,ServicePerformanceManagement,publishedEvents,TMF628,PerformanceManagement,v4.0.0,4.1.0,thresholdJobResumeNotification
TMFC037,ServicePerformanceManagement,publishedEvents,TMF628,PerformanceManagement,v4.0.0,4.1.0,thresholdJobSuspendNotification
TMFC037,ServicePerformanceManagement,publishedEvents,TMF628,PerformanceManagement,v4.0.0,4.1.0,thresholdRuleChangedNotification
TMFC037,ServicePerformanceManagement,publishedEvents,TMF628,PerformanceManagement,v4.0.0,4.1.0,thresholdRuleCreateNotification
TMFC037,ServicePerformanceManagement,publishedEvents,TMF642,AlarmManagement,v4.0.0,4.0.0,alarmAckEvent**
TMFC037,ServicePerformanceManagement,publishedEvents,TMF642,AlarmManagement,v4.0.0,4.0.0,alarmClearEvent**
TMFC037,ServicePerformanceManagement,publishedEvents,TMF642,AlarmManagement,v4.0.0,4.0.0,alarmCreateEvent**
TMFC037,ServicePerformanceManagement,publishedEvents,TMF642,AlarmManagement,v4.0.0,4.0.0,alarmStateChange**
TMFC037,ServicePerformanceManagement,publishedEvents,TMF701,ProcessFlowManagement,v4.0.0,4.0.0,processFlowCreateEvent
TMFC037,ServicePerformanceManagement,publishedEvents,TMF701,ProcessFlowManagement,v4.0.0,4.0.0,processFlowStateAttributeValueChangeEvent
TMFC037,ServicePerformanceManagement,publishedEvents,TMF701,ProcessFlowManagement,v4.0.0,4.0.0,processFlowStateChangeEvent
TMFC037,ServicePerformanceManagement,publishedEvents,TMF701,ProcessFlowManagement,v4.0.0,4.0.0,processFlowStateDeleteEvent
TMFC037,ServicePerformanceManagement,publishedEvents,TMF701,ProcessFlowManagement,v4.0.0,4.0.0,taskFlowAttributeValueChangeEvent
TMFC037,ServicePerformanceManagement,publishedEvents,TMF701,ProcessFlowManagement,v4.0.0,4.0.0,taskFlowCreateEvent
TMFC037,ServicePerformanceManagement,publishedEvents,TMF701,ProcessFlowManagement,v4.0.0,4.0.0,taskFlowDeleteEvent
TMFC037,ServicePerformanceManagement,publishedEvents,TMF701,ProcessFlowManagement,v4.0.0,4.0.0,taskFlowInformationRequiredEvent
TMFC037,ServicePerformanceManagement,publishedEvents,TMF701,ProcessFlowManagement,v4.0.0,4.0.0,taskFlowStateChangeEvent
TMFC037,ServicePerformanceManagement,subscribedEvents,TMF633,ServiceCatalogManagement,v4.0.0,4.0.0,serviceSpecificationChangeEvent
TMFC037,ServicePerformanceManagement,subscribedEvents,TMF638,ServiceInventoryManagement,v4.0.0,4.0.0,serviceAttributeValueChangeEvent
TMFC037,ServicePerformanceManagement,subscribedEvents,TMF638,ServiceInventoryManagement,v4.0.0,4.0.0,serviceCreateEvent
TMFC037,ServicePerformanceManagement,subscribedEvents,TMF638,ServiceInventoryManagement,v4.0.0,4.0.0,serviceDeleteEvent
TMFC037,ServicePerformanceManagement,subscribedEvents,TMF638,ServiceInventoryManagement,v4.0.0,4.0.0,serviceStateChangeEvent
TMFC037,ServicePerformanceManagement,subscribedEvents,TMF639,ResourceInventoryManagement,v4.0.0,4.0.0,resourceAttributeValueChangeEvent
TMFC037,ServicePerformanceManagement,subscribedEvents,TMF639,ResourceInventoryManagement,v4.0.0,4.0.0,resourceCreateEvent
TMFC037,ServicePerformanceManagement,subscribedEvents,TMF639,ResourceInventoryManagement,v4.0.0,4.0.0,resourceDeleteEvent
TMFC037,ServicePerformanceManagement,subscribedEvents,TMF639,ResourceInventoryManagement,v4.0.0,4.0.0,resourceStateChangeEvent
TMFC037,ServicePerformanceManagement,subscribedEvents,TMF701,ProcessFlowManagement,v4.0.0,4.0.0,processFlowCreateEvent
TMFC037,ServicePerformanceManagement,subscribedEvents,TMF701,ProcessFlowManagement,v4.0.0,4.0.0,processFlowStateChangeEvent
TMFC037,ServicePerformanceManagement,subscribedEvents,TMF701,ProcessFlowManagement,v4.0.0,4.0.0,taskFlowCreateEvent
TMFC037,ServicePerformanceManagement,subscribedEvents,TMF701,ProcessFlowManagement,v4.0.0,4.0.0,taskFlowStateChangeEvent
TMFC038,ResourcePerformanceManagement,publishedEvents,TMF628,PerformanceManagement,v4.0.0,4.0.0,measurementCollectionJobAttributeValueChangeEvent
TMFC038,ResourcePerformanceManagement,publishedEvents,TMF628,PerformanceManagement,v4.0.0,4.0.0,measurementCollectionJobCreateEvent
TMFC038,ResourcePerformanceManagement,publishedEvents,TMF628,PerformanceManagement,v4.0.0,4.0.0,measurementCollectionJobDeleteEvent
TMFC038,ResourcePerformanceManagement,publishedEvents,TMF628,PerformanceManagement,v4.0.0,4.0.0,measurementCollectionJobExecutionStateChangeEvent
TMFC038,ResourcePerformanceManagement,publishedEvents,TMF628,PerformanceManagement,v4.0.0,4.0.0,measurementCollectionJobFilesPreparationErrorEvent
TMFC038,ResourcePerformanceManagement,publishedEvents,TMF628,PerformanceManagement,v4.0.0,4.0.0,measurementCollectionJobFilesReadyEvent
TMFC038,ResourcePerformanceManagement,publishedEvents,TMF628,PerformanceManagement,v4.0.0,4.0.0,onDemandCollectionAttributeValueChangeEvent
TMFC038,ResourcePerformanceManagement,publishedEvents,TMF628,PerformanceManagement,v4.0.0,4.0.0,onDemandCollectionCreateEvent
TMFC038,ResourcePerformanceManagement,publishedEvents,TMF628,PerformanceManagement,v4.0.0,4.0.0,onDemandCollectionDeleteEvent
TMFC038,ResourcePerformanceManagement,publishedEvents,TMF628,PerformanceManagement,v4.0.0,4.0.0,onDemandCollectionExecutionStateChangeEvent
TMFC038,ResourcePerformanceManagement,publishedEvents,TMF628,PerformanceManagement,v4.0.0,4.0.0,onDemandCollectionFilesPreparationErrorEvent
TMFC038,ResourcePerformanceManagement,publishedEvents,TMF628,PerformanceManagement,v4.0.0,4.0.0,onDemandCollectionFilesReadyEvent
TMFC038,ResourcePerformanceManagement,publishedEvents,TMF628,PerformanceThresholdManagement,v4.0.0,4.0.0,thresholdChangeNotification
TMFC038,ResourcePerformanceManagement,publishedEvents,TMF628,PerformanceThresholdManagement,v4.0.0,4.0.0,thresholdCreateNotification
TMFC038,ResourcePerformanceManagement,publishedEvents,TMF628,PerformanceThresholdManagement,v4.0.0,4.0.0,thresholdJobChangedNotification
TMFC038,ResourcePerformanceManagement,publishedEvents,TMF628,PerformanceThresholdManagement,v4.0.0,4.0.0,thresholdJobCreateNotification
TMFC038,ResourcePerformanceManagement,publishedEvents,TMF628,PerformanceThresholdManagement,v4.0.0,4.0.0,thresholdJobResumedNotification
TMFC038,ResourcePerformanceManagement,publishedEvents,TMF628,PerformanceThresholdManagement,v4.0.0,4.0.0,thresholdJobSuspendedNotification
TMFC038,ResourcePerformanceManagement,publishedEvents,TMF628,PerformanceThresholdManagement,v4.0.0,4.0.0,thresholdRuleChangeNotification
TMFC038,ResourcePerformanceManagement,publishedEvents,TMF628,PerformanceThresholdManagement,v4.0.0,4.0.0,thresholdRuleCreateNotification
TMFC038,ResourcePerformanceManagement,publishedEvents,TMF642,AlarmManagement,v4.0.0,4.0.0,alarmAckEvent**
TMFC038,ResourcePerformanceManagement,publishedEvents,TMF642,AlarmManagement,v4.0.0,4.0.0,alarmClearEvent**
TMFC038,ResourcePerformanceManagement,publishedEvents,TMF642,AlarmManagement,v4.0.0,4.0.0,alarmCreateEvent**
TMFC038,ResourcePerformanceManagement,publishedEvents,TMF642,AlarmManagement,v4.0.0,4.0.0,alarmStateChange**
TMFC038,ResourcePerformanceManagement,publishedEvents,TMF701,ProcessFlowManagement,v4.0.0,4.1.0,processFlowCreateEvent
TMFC038,ResourcePerformanceManagement,publishedEvents,TMF701,ProcessFlowManagement,v4.0.0,4.1.0,processFlowStateAttributeValueChangeEvent
TMFC038,ResourcePerformanceManagement,publishedEvents,TMF701,ProcessFlowManagement,v4.0.0,4.1.0,processFlowStateChangeEvent
TMFC038,ResourcePerformanceManagement,publishedEvents,TMF701,ProcessFlowManagement,v4.0.0,4.1.0,processFlowStateDeleteEvent
TMFC038,ResourcePerformanceManagement,publishedEvents,TMF701,ProcessFlowManagement,v4.0.0,4.1.0,taskFlowAttributeValueChangeEvent
TMFC038,ResourcePerformanceManagement,publishedEvents,TMF701,ProcessFlowManagement,v4.0.0,4.1.0,taskFlowCreateEvent
TMFC038,ResourcePerformanceManagement,publishedEvents,TMF701,ProcessFlowManagement,v4.0.0,4.1.0,taskFlowDeleteEvent
TMFC038,ResourcePerformanceManagement,publishedEvents,TMF701,ProcessFlowManagement,v4.0.0,4.1.0,taskFlowInformationRequiredEvent
TMFC038,ResourcePerformanceManagement,publishedEvents,TMF701,ProcessFlowManagement,v4.0.0,4.1.0,taskFlowStateChangeEvent
TMFC038,ResourcePerformanceManagement,subscribedEvents,TMF634,ResourceCatalogManagement,v4.0.0,4.1.0,ResourceSpecificationChangeEvent
TMFC038,ResourcePerformanceManagement,subscribedEvents,TMF639,ResourceInventoryManagement,v4.0.0,4.0.0,ResourceAttributeValueChangeEvent
TMFC038,ResourcePerformanceManagement,subscribedEvents,TMF639,ResourceInventoryManagement,v4.0.0,4.0.0,ResourceCreateEvent
TMFC038,ResourcePerformanceManagement,subscribedEvents,TMF639,ResourceInventoryManagement,v4.0.0,4.0.0,ResourceDeleteEvent
TMFC038,ResourcePerformanceManagement,subscribedEvents,TMF639,ResourceInventoryManagement,v4.0.0,4.0.0,ResourceStateChangeEvent
TMFC038,ResourcePerformanceManagement,subscribedEvents,TMF673,GeographicAddressManagement,v4.0.0,4.0.1,geographicAddressValidationStateChange
TMFC038,ResourcePerformanceManagement,subscribedEvents,TMF701,ProcessFlowManagement,v4.0.0,4.1.0,processFlowCreateEvent
TMFC038,ResourcePerformanceManagement,subscribedEvents,TMF701,ProcessFlowManagement,v4.0.0,4.1.0,processFlowStateAttributeValueChangeEvent
TMFC038,ResourcePerformanceManagement,subscribedEvents,TMF701,ProcessFlowManagement,v4.0.0,4.1.0,processFlowStateChangeEvent
TMFC038,ResourcePerformanceManagement,subscribedEvents,TMF701,ProcessFlowManagement,v4.0.0,4.1.0,processFlowStateDeleteEvent
TMFC038,ResourcePerformanceManagement,subscribedEvents,TMF701,ProcessFlowManagement,v4.0.0,4.1.0,taskFlowAttributeValueChangeEvent
TMFC038,ResourcePerformanceManagement,subscribedEvents,TMF701,ProcessFlowManagement,v4.0.0,4.1.0,taskFlowCreateEvent
TMFC038,ResourcePerformanceManagement,subscribedEvents,TMF701,ProcessFlowManagement,v4.0.0,4.1.0,taskFlowDeleteEvent
TMFC038,ResourcePerformanceManagement,subscribedEvents,TMF701,ProcessFlowManagement,v4.0.0,4.1.0,taskFlowStateChangeEvent
TMFC039,AgreementManagement,publishedEvents,TMF651,userRole,v4.0.0,4.0.0,agreementAttributeValueChangeEvent
TMFC039,AgreementManagement,publishedEvents,TMF651,userRole,v4.0.0,4.0.0,agreementCreateEvent
TMFC039,AgreementManagement,publishedEvents,TMF651,userRole,v4.0.0,4.0.0,agreementSpecificationAttributeValueChangeEvent
TMFC039,AgreementManagement,publishedEvents,TMF651,userRole,v4.0.0,4.0.0,agreementSpecificationCreateEvent
TMFC039,AgreementManagement,publishedEvents,TMF651,userRole,v4.0.0,4.0.0,agreementStateChangeEvent
TMFC039,AgreementManagement,subscribedEvents,TMF632,PartyManagement,v4.0.0,4.0.0,individualDeleteEvent
TMFC039,AgreementManagement,subscribedEvents,TMF632,PartyManagement,v4.0.0,4.0.0,organizationDeleteEvent
TMFC040,ProductUsageManagement,publishedEvents,TMF635,UsageManagement,v4.0.0,4.0.0,usageAttributeValueChangeEvent
TMFC040,ProductUsageManagement,publishedEvents,TMF635,UsageManagement,v4.0.0,4.0.0,usageCreateEvent
TMFC040,ProductUsageManagement,publishedEvents,TMF635,UsageManagement,v4.0.0,4.0.0,usageDeleteEvent
TMFC040,ProductUsageManagement,publishedEvents,TMF635,UsageManagement,v4.0.0,4.0.0,usageStateChangeEvent
TMFC040,ProductUsageManagement,publishedEvents,TMF677,UsageConsumption,v4.0.0,4.0.1,queryUsageConsumptionCreateEvent
TMFC040,ProductUsageManagement,publishedEvents,TMF677,UsageConsumption,v4.0.0,4.0.1,queryUsageConsumptionDeleteEvent
TMFC040,ProductUsageManagement,publishedEvents,TMF677,UsageConsumption,v4.0.0,4.0.1,queryUsageConsumptionStateChangeEvent
TMFC040,ProductUsageManagement,subscribedEvents,TMF632,Party,v4.0.0,4.0.0,individualDeleteEvent
TMFC040,ProductUsageManagement,subscribedEvents,TMF632,Party,v4.0.0,4.0.0,organizationDeleteEvent
TMFC040,ProductUsageManagement,subscribedEvents,TMF669,PartyRoleManagement,v4.0.0,4.0.0,partyRoleAttributeValueChangeEvent
TMFC040,ProductUsageManagement,subscribedEvents,TMF669,PartyRoleManagement,v4.0.0,4.0.0,partyRoleCreateEvent
TMFC040,ProductUsageManagement,subscribedEvents,TMF669,PartyRoleManagement,v4.0.0,4.0.0,partyRoleDeleteEvent
TMFC040,ProductUsageManagement,subscribedEvents,TMF669,PartyRoleManagement,v4.0.0,4.0.0,partyRoleStateChangeEvent
TMFC041,AnomalyManagement,publishedEvents,TMF751,AnomalyManagementEvent,v4.0.0,4.0.0,anomalyAttributeValueChangeEvent
TMFC041,AnomalyManagement,publishedEvents,TMF751,AnomalyManagementEvent,v4.0.0,4.0.0,anomalyCreateEvent
TMFC041,AnomalyManagement,publishedEvents,TMF751,AnomalyManagementEvent,v4.0.0,4.0.0,anomalyDeleteEvent
TMFC041,AnomalyManagement,publishedEvents,TMF751,AnomalyManagementEvent,v4.0.0,4.0.0,anomalySpecificationAttributeValueChangeEvent
TMFC041,AnomalyManagement,publishedEvents,TMF751,AnomalyManagementEvent,v4.0.0,4.0.0,anomalySpecificationCreateEvent
TMFC041,AnomalyManagement,publishedEvents,TMF751,AnomalyManagementEvent,v4.0.0,4.0.0,anomalySpecificationDeleteEvent
TMFC041,AnomalyManagement,publishedEvents,TMF751,AnomalyManagementEvent,v4.0.0,4.0.0,anomalySpecificationStatusChangeEvent
TMFC041,AnomalyManagement,publishedEvents,TMF751,AnomalyManagementEvent,v4.0.0,4.0.0,anomalyStateChangeEvent
TMFC041,AnomalyManagement,subscribedEvents,TMF642,AlarmManagement,v4.0.0,4.0.0,alarmCreateEvent
TMFC041,AnomalyManagement,subscribedEvents,TMF642,AlarmManagement,v4.0.0,4.0.0,alarmDeleteEvent
TMFC041,AnomalyManagement,subscribedEvents,TMF642,AlarmManagement,v4.0.0,4.0.0,alarmStateChangeEvent
TMFC041,AnomalyManagement,subscribedEvents,TMF915,AIManagement,v4.0.0,4.0.0,aiContractAttributeValueChangeEvent
TMFC041,AnomalyManagement,subscribedEvents,TMF915,AIManagement,v4.0.0,4.0.0,aiContractCreateEvent
TMFC041,AnomalyManagement,subscribedEvents,TMF915,AIManagement,v4.0.0,4.0.0,aiContractDeleteEvent
TMFC041,AnomalyManagement,subscribedEvents,TMF915,AIManagement,v4.0.0,4.0.0,aiContractSpecificationAttributeValueChangeEvent
TMFC041,AnomalyManagement,subscribedEvents,TMF915,AIManagement,v4.0.0,4.0.0,aiContractSpecificationCreateEvent
TMFC041,AnomalyManagement,subscribedEvents,TMF915,AIManagement,v4.0.0,4.0.0,aiContractSpecificationDeleteEvent
TMFC041,AnomalyManagement,subscribedEvents,TMF915,AIManagement,v4.0.0,4.0.0,aiContractStateChangeEvent
TMFC041,AnomalyManagement,subscribedEvents,TMF915,AIManagement,v4.0.0,4.0.0,aiModelAttributeValueChangeEvent
TMFC041,AnomalyManagement,subscribedEvents,TMF915,AIManagement,v4.0.0,4.0.0,aiModelCreateEvent
TMFC041,AnomalyManagement,subscribedEvents,TMF915,AIManagement,v4.0.0,4.0.0,aiModelDeleteEvent
TMFC041,AnomalyManagement,subscribedEvents,TMF915,AIManagement,v4.0.0,4.0.0,aiModelSpecificationAttributeValueChangeEvent
TMFC041,AnomalyManagement,subscribedEvents,TMF915,AIManagement,v4.0.0,4.0.0,aiModelSpecificationCreateEvent
TMFC041,AnomalyManagement,subscribedEvents,TMF915,AIManagement,v4.0.0,4.0.0,aiModelSpecificationDeleteEvent
TMFC041,AnomalyManagement,subscribedEvents,TMF915,AIManagement,v4.0.0,4.0.0,aiModelStateChangeEvent
TMFC043,FaultManagement,publishedEvents,TMF642,Alarm Management API,v4.0.0,4.0.0,ackAlarmsCreateEvent
TMFC043,FaultManagement,publishedEvents,TMF642,Alarm Management API,v4.0.0,4.0.0,ackAlarmsStateChangeEvent
TMFC043,FaultManagement,publishedEvents,TMF642,Alarm Management API,v4.0.0,4.0.0,alarmAttributeValueChangeEvent
TMFC043,FaultManagement,publishedEvents,TMF642,Alarm Management API,v4.0.0,4.0.0,alarmCreateEvent
TMFC043,FaultManagement,publishedEvents,TMF642,Alarm Management API,v4.0.0,4.0.0,alarmDeleteEvent
TMFC043,FaultManagement,publishedEvents,TMF642,Alarm Management API,v4.0.0,4.0.0,alarmStateChangeEvent
TMFC043,FaultManagement,publishedEvents,TMF642,Alarm Management API,v4.0.0,4.0.0,clearAlarmsCreateEvent
TMFC043,FaultManagement,publishedEvents,TMF642,Alarm Management API,v4.0.0,4.0.0,clearAlarmsStateChangeEvent
TMFC043,FaultManagement,publishedEvents,TMF642,Alarm Management API,v4.0.0,4.0.0,commentAlarmsCreateEvent
TMFC043,FaultManagement,publishedEvents,TMF642,Alarm Management API,v4.0.0,4.0.0,commentAlarmsStateChangeEvent
TMFC043,FaultManagement,publishedEvents,TMF642,Alarm Management API,v4.0.0,4.0.0,groupAlarmsCreateEvent
TMFC043,FaultManagement,publishedEvents,TMF642,Alarm Management API,v4.0.0,4.0.0,groupAlarmsStateChangeEvent
TMFC043,FaultManagement,publishedEvents,TMF642,Alarm Management API,v4.0.0,4.0.0,unAckAlarmsCreateEvent
TMFC043,FaultManagement,publishedEvents,TMF642,Alarm Management API,v4.0.0,4.0.0,unAckAlarmsStateChangeEvent
TMFC043,FaultManagement,publishedEvents,TMF642,Alarm Management API,v4.0.0,4.0.0,unGroupAlarmsCreateEvent
TMFC043,FaultManagement,publishedEvents,TMF642,Alarm Management API,v4.0.0,4.0.0,unGroupAlarmsStateChangeEvent
TMFC043,FaultManagement,publishedEvents,TMF656,ServiceProblemManagement,v4.0.0,4.0.0,problemAcknowledgementCreateEvent
TMFC043,FaultManagement,publishedEvents,TMF656,ServiceProblemManagement,v4.0.0,4.0.0,problemAcknowledgementDeleteEvent
TMFC043,FaultManagement,publishedEvents,TMF656,ServiceProblemManagement,v4.0.0,4.0.0,problemAcknowledgementStateChangeEvent
TMFC043,FaultManagement,publishedEvents,TMF656,ServiceProblemManagement,v4.0.0,4.0.0,problemGroupCreateEvent
TMFC043,FaultManagement,publishedEvents,TMF656,ServiceProblemManagement,v4.0.0,4.0.0,problemGroupDeleteEvent
TMFC043,FaultManagement,publishedEvents,TMF656,ServiceProblemManagement,v4.0.0,4.0.0,problemGroupStateChangeEvent
TMFC043,FaultManagement,publishedEvents,TMF656,ServiceProblemManagement,v4.0.0,4.0.0,problemUnacknowledgementCreateEvent
TMFC043,FaultManagement,publishedEvents,TMF656,ServiceProblemManagement,v4.0.0,4.0.0,problemUnacknowledgementDeleteEvent
TMFC043,FaultManagement,publishedEvents,TMF656,ServiceProblemManagement,v4.0.0,4.0.0,problemUnacknowledgementStateChangeEvent
TMFC043,FaultManagement,publishedEvents,TMF656,ServiceProblemManagement,v4.0.0,4.0.0,problemUngroupCreateEvent
TMFC043,FaultManagement,publishedEvents,TMF656,ServiceProblemManagement,v4.0.0,4.0.0,problemUngroupDeleteEvent
TMFC043,FaultManagement,publishedEvents,TMF656,ServiceProblemManagement,v4.0.0,4.0.0,problemUngroupStateChangeEvent
TMFC043,FaultManagement,publishedEvents,TMF656,ServiceProblemManagement,v4.0.0,4.0.0,serviceProblemAttributeValueChangeEvent
TMFC043,FaultManagement,publishedEvents,TMF656,ServiceProblemManagement,v4.0.0,4.0.0,serviceProblemCreateEvent
TMFC043,FaultManagement,publishedEvents,TMF656,ServiceProblemManagement,v4.0.0,4.0.0,serviceProblemDeleteEvent
TMFC043,FaultManagement,publishedEvents,TMF656,ServiceProblemManagement,v4.0.0,4.0.0,serviceProblemInformationRequiredEvent
TMFC043,FaultManagement,publishedEvents,TMF656,ServiceProblemManagement,v4.0.0,4.0.0,serviceProblemStateChangeEvent
TMFC043,FaultManagement,publishedEvents,TMF701,ProcessFlowManagement,v4.0.0,4.1.0,processFlowCreateEvent
TMFC043,FaultManagement,publishedEvents,TMF701,ProcessFlowManagement,v4.0.0,4.1.0,processFlowStateAttributeValueChangeEvent
TMFC043,FaultManagement,publishedEvents,TMF701,ProcessFlowManagement,v4.0.0,4.1.0,processFlowStateChangeEvent
TMFC043,FaultManagement,publishedEvents,TMF701,ProcessFlowManagement,v4.0.0,4.1.0,processFlowStateDeleteEvent
TMFC043,FaultManagement,publishedEvents,TMF701,ProcessFlowManagement,v4.0.0,4.1.0,taskFlowAttributeValueChangeEvent
TMFC043,FaultManagement,publishedEvents,TMF701,ProcessFlowManagement,v4.0.0,4.1.0,taskFlowCreateEvent
TMFC043,FaultManagement,publishedEvents,TMF701,ProcessFlowManagement,v4.0.0,4.1.0,taskFlowDeleteEvent
TMFC043,FaultManagement,publishedEvents,TMF701,ProcessFlowManagement,v4.0.0,4.1.0,taskFlowInformationRequiredEvent
TMFC043,FaultManagement,publishedEvents,TMF701,ProcessFlowManagement,v4.0.0,4.1.0,taskFlowStateChangeEvent
TMFC043,FaultManagement,subscribedEvents,TMF621,TroubleTicketManagement,v4.0.0,4.0.0,troubleTicketAttributeValueChangeEvent
TMFC043,FaultManagement,subscribedEvents,TMF621,TroubleTicketManagement,v4.0.0,4.0.0,troubleTicketCreateEvent
TMFC043,FaultManagement,subscribedEvents,TMF621,TroubleTicketManagement,v4.0.0,4.0.0,troubleTicketDeleteEvent
TMFC043,FaultManagement,subscribedEvents,TMF621,TroubleTicketManagement,v4.0.0,4.0.0,troubleTicketInformationRequiredEvent
TMFC043,FaultManagement,subscribedEvents,TMF621,TroubleTicketManagement,v4.0.0,4.0.0,troubleTicketResolvedEvent
TMFC043,FaultManagement,subscribedEvents,TMF621,TroubleTicketManagement,v4.0.0,4.0.0,troubleTicketStatusChangeEvent
TMFC043,FaultManagement,subscribedEvents,TMF632,PartyManagement,v4.0.0,4.0.0,individualDeleteEvent
TMFC043,FaultManagement,subscribedEvents,TMF632,PartyManagement,v4.0.0,4.0.0,organizationDeleteEvent
TMFC043,FaultManagement,subscribedEvents,TMF633,ServiceCatalogManagement,v4.0.0,4.0.0,serviceCandidateChangeEvent
TMFC043,FaultManagement,subscribedEvents,TMF633,ServiceCatalogManagement,v4.0.0,4.0.0,serviceCandidateCreateEvent
TMFC043,FaultManagement,subscribedEvents,TMF633,ServiceCatalogManagement,v4.0.0,4.0.0,serviceCandidateDeleteEvent
TMFC043,FaultManagement,subscribedEvents,TMF633,ServiceCatalogManagement,v4.0.0,4.0.0,serviceCatalogChangeEvent
TMFC043,FaultManagement,subscribedEvents,TMF633,ServiceCatalogManagement,v4.0.0,4.0.0,serviceCatalogCreateEvent
TMFC043,FaultManagement,subscribedEvents,TMF633,ServiceCatalogManagement,v4.0.0,4.0.0,serviceCatalogDeleteEvent
TMFC043,FaultManagement,subscribedEvents,TMF633,ServiceCatalogManagement,v4.0.0,4.0.0,serviceCategoryChangeEvent
TMFC043,FaultManagement,subscribedEvents,TMF633,ServiceCatalogManagement,v4.0.0,4.0.0,serviceCategoryCreateEvent
TMFC043,FaultManagement,subscribedEvents,TMF633,ServiceCatalogManagement,v4.0.0,4.0.0,serviceCategoryDeleteEvent
TMFC043,FaultManagement,subscribedEvents,TMF633,ServiceCatalogManagement,v4.0.0,4.0.0,serviceSpecificationChangeEvent
TMFC043,FaultManagement,subscribedEvents,TMF633,ServiceCatalogManagement,v4.0.0,4.0.0,serviceSpecificationCreateEvent
TMFC043,FaultManagement,subscribedEvents,TMF633,ServiceCatalogManagement,v4.0.0,4.0.0,serviceSpecificationDeleteEvent
TMFC043,FaultManagement,subscribedEvents,TMF638,ServiceInventoryManagement,v4.0.0,4.0.0,serviceChangeEvent
TMFC043,FaultManagement,subscribedEvents,TMF638,ServiceInventoryManagement,v4.0.0,4.0.0,serviceCreateEvent
TMFC043,FaultManagement,subscribedEvents,TMF638,ServiceInventoryManagement,v4.0.0,4.0.0,serviceDeleteEvent
TMFC043,FaultManagement,subscribedEvents,TMF638,ServiceInventoryManagement,v4.0.0,4.0.0,serviceStateChangeEvent
TMFC043,FaultManagement,subscribedEvents,TMF639,ResourceInventoryManagement,v4.0.0,4.0.0,resourceChangeEvent
TMFC043,FaultManagement,subscribedEvents,TMF639,ResourceInventoryManagement,v4.0.0,4.0.0,resourceCreateEvent
TMFC043,FaultManagement,subscribedEvents,TMF639,ResourceInventoryManagement,v4.0.0,4.0.0,resourceDeleteEvent
TMFC043,FaultManagement,subscribedEvents,TMF639,ResourceInventoryManagement,v4.0.0,4.0.0,resourceStateChangeEvent
TMFC043,FaultManagement,subscribedEvents,TMF642,AlarmManagement,v4.0.0,4.0.0,ackAlarmsCreateEvent
TMFC043,FaultManagement,subscribedEvents,TMF642,AlarmManagement,v4.0.0,4.0.0,ackAlarmsStateChangeEvent
TMFC043,FaultManagement,subscribedEvents,TMF642,AlarmManagement,v4.0.0,4.0.0,alarmAttributeValueChangeEvent
TMFC043,FaultManagement,subscribedEvents,TMF642,AlarmManagement,v4.0.0,4.0.0,alarmCreateEvent
TMFC043,FaultManagement,subscribedEvents,TMF642,AlarmManagement,v4.0.0,4.0.0,alarmDeleteEvent
TMFC043,FaultManagement,subscribedEvents,TMF642,AlarmManagement,v4.0.0,4.0.0,alarmStateChangeEvent
TMFC043,FaultManagement,subscribedEvents,TMF642,AlarmManagement,v4.0.0,4.0.0,clearAlarmsCreateEvent
TMFC043,FaultManagement,subscribedEvents,TMF642,AlarmManagement,v4.0.0,4.0.0,clearAlarmsStateChangeEvent
TMFC043,FaultManagement,subscribedEvents,TMF642,AlarmManagement,v4.0.0,4.0.0,commentAlarmsCreateEvent
TMFC043,FaultManagement,subscribedEvents,TMF642,AlarmManagement,v4.0.0,4.0.0,commentAlarmsStateChangeEvent
TMFC043,FaultManagement,subscribedEvents,TMF642,AlarmManagement,v4.0.0,4.0.0,groupAlarmsCreateEvent
TMFC043,FaultManagement,subscribedEvents,TMF642,AlarmManagement,v4.0.0,4.0.0,groupAlarmsStateChangeEvent
TMFC043,FaultManagement,subscribedEvents,TMF642,AlarmManagement,v4.0.0,4.0.0,unAckAlarmsCreateEvent
TMFC043,FaultManagement,subscribedEvents,TMF642,AlarmManagement,v4.0.0,4.0.0,unAckAlarmsStateChangeEvent
TMFC043,FaultManagement,subscribedEvents,TMF642,AlarmManagement,v4.0.0,4.0.0,unGroupAlarmsCreateEvent
TMFC043,FaultManagement,subscribedEvents,TMF642,AlarmManagement,v4.0.0,4.0.0,unGroupAlarmsStateChangeEvent
TMFC043,FaultManagement,subscribedEvents,TMF656,ServiceProblemManagement,v4.0.0,4.0.0,problemAcknowledgementCreateEvent
TMFC043,FaultManagement,subscribedEvents,TMF656,ServiceProblemManagement,v4.0.0,4.0.0,problemAcknowledgementDeleteEvent
TMFC043,FaultManagement,subscribedEvents,TMF656,ServiceProblemManagement,v4.0.0,4.0.0,problemAcknowledgementStateChangeEvent
TMFC043,FaultManagement,subscribedEvents,TMF656,ServiceProblemManagement,v4.0.0,4.0.0,problemGroupCreateEvent
TMFC043,FaultManagement,subscribedEvents,TMF656,ServiceProblemManagement,v4.0.0,4.0.0,problemGroupDeleteEvent
TMFC043,FaultManagement,subscribedEvents,TMF656,ServiceProblemManagement,v4.0.0,4.0.0,problemGroupStateChangeEvent
TMFC043,FaultManagement,subscribedEvents,TMF656,ServiceProblemManagement,v4.0.0,4.0.0,problemUnacknowledgementCreateEvent
TMFC043,FaultManagement,subscribedEvents,TMF656,ServiceProblemManagement,v4.0.0,4.0.0,problemUnacknowledgementDeleteEvent
TMFC043,FaultManagement,subscribedEvents,TMF656,ServiceProblemManagement,v4.0.0,4.0.0,problemUnacknowledgementStateChangeEvent
TMFC043,FaultManagement,subscribedEvents,TMF656,ServiceProblemManagement,v4.0.0,4.0.0,problemUngroupCreateEvent
TMFC043,FaultManagement,subscribedEvents,TMF656,ServiceProblemManagement,v4.0.0,4.0.0,problemUngroupDeleteEvent
TMFC043,FaultManagement,subscribedEvents,TMF656,ServiceProblemManagement,v4.0.0,4.0.0,problemUngroupStateChangeEvent
TMFC043,FaultManagement,subscribedEvents,TMF656,ServiceProblemManagement,v4.0.0,4.0.0,serviceProblemAttributeValueChangeEvent
TMFC043,FaultManagement,subscribedEvents,TMF656,ServiceProblemManagement,v4.0.0,4.0.0,serviceProblemCreateEvent
TMFC043,FaultManagement,subscribedEvents,TMF656,ServiceProblemManagement,v4.0.0,4.0.0,serviceProblemDeleteEvent
TMFC043,FaultManagement,subscribedEvents,TMF656,ServiceProblemManagement,v4.0.0,4.0.0,serviceProblemInformationRequiredEvent
TMFC043,FaultManagement,subscribedEvents,TMF656,ServiceProblemManagement,v4.0.0,4.0.0,serviceProblemStateChangeEvent
TMFC043,FaultManagement,subscribedEvents,TMF662,EntityCatalogueManagement,v4.0.0,4.0.0,associationCreateEvent
TMFC043,FaultManagement,subscribedEvents,TMF662,EntityCatalogueManagement,v4.0.0,4.0.0,associationDeleteEvent
TMFC043,FaultManagement,subscribedEvents,TMF662,EntityCatalogueManagement,v4.0.0,4.0.0,associationSpecificationCreateEvent
TMFC043,FaultManagement,subscribedEvents,TMF662,EntityCatalogueManagement,v4.0.0,4.0.0,associationSpecificationDeleteEvent
TMFC043,FaultManagement,subscribedEvents,TMF662,EntityCatalogueManagement,v4.0.0,4.0.0,entityCatalogCreateEvent
TMFC043,FaultManagement,subscribedEvents,TMF662,EntityCatalogueManagement,v4.0.0,4.0.0,entityCatalogDeleteEvent
TMFC043,FaultManagement,subscribedEvents,TMF662,EntityCatalogueManagement,v4.0.0,4.0.0,entityCatalogItemCreateEvent
TMFC043,FaultManagement,subscribedEvents,TMF662,EntityCatalogueManagement,v4.0.0,4.0.0,entityCatalogItemDeleteEvent
TMFC043,FaultManagement,subscribedEvents,TMF662,EntityCatalogueManagement,v4.0.0,4.0.0,entitySpecificationCreateEvent
TMFC043,FaultManagement,subscribedEvents,TMF662,EntityCatalogueManagement,v4.0.0,4.0.0,entitySpecificationDeleteEvent
TMFC043,FaultManagement,subscribedEvents,TMF669,PartyRoleManagement,v4.0.0,4.0.0,partyRoleDeleteEvent
TMFC043,FaultManagement,subscribedEvents,TMF673,GeographicAddressManagement,v4.0.0,4.0.0,geographicAddressValidationStateChangeEvent
TMFC043,FaultManagement,subscribedEvents,TMF674,GeographicSiteManagement,v4.0.0,4.0.0,geographicSiteAttributeValueChangeEvent
TMFC043,FaultManagement,subscribedEvents,TMF674,GeographicSiteManagement,v4.0.0,4.0.0,geographicSiteCreateEvent
TMFC043,FaultManagement,subscribedEvents,TMF674,GeographicSiteManagement,v4.0.0,4.0.0,geographicSiteDeleteEvent
TMFC043,FaultManagement,subscribedEvents,TMF674,GeographicSiteManagement,v4.0.0,4.0.0,geographicSiteStatusChangeEvent
TMFC043,FaultManagement,subscribedEvents,TMF675,GeographicLocationManagement,v4.0.0,4.0.0,geographicLocationAttributeValueChangeEvent
TMFC043,FaultManagement,subscribedEvents,TMF675,GeographicLocationManagement,v4.0.0,4.0.0,geographicLocationCreateEvent
TMFC043,FaultManagement,subscribedEvents,TMF675,GeographicLocationManagement,v4.0.0,4.0.0,geographicLocationDeleteEvent
TMFC046,WorkforceManagement,publishedEvents,TMF646,appointmentManagement,v4.0.0,4.0.0,appointmentAttributeValueChangeEvent
TMFC046,WorkforceManagement,publishedEvents,TMF646,appointmentManagement,v4.0.0,4.0.0,appointmentCreateEvent
TMFC046,WorkforceManagement,publishedEvents,TMF646,appointmentManagement,v4.0.0,4.0.0,appointmentDeleteEvent
TMFC046,WorkforceManagement,publishedEvents,TMF646,appointmentManagement,v4.0.0,4.0.0,appointmentStateChange
TMFC046,WorkforceManagement,publishedEvents,TMF646,appointmentManagement,v4.0.0,4.0.0,searchTimeSlotAttributeValueChangeEvent
TMFC046,WorkforceManagement,publishedEvents,TMF646,appointmentManagement,v4.0.0,4.0.0,searchTimeSlotCreateEvent
TMFC046,WorkforceManagement,publishedEvents,TMF646,appointmentManagement,v4.0.0,4.0.0,searchTimeSlotDeleteEvent
TMFC046,WorkforceManagement,publishedEvents,TMF646,appointmentManagement,v4.0.0,4.0.0,searchTimeSlotStateChangeEvent
TMFC046,WorkforceManagement,subscribedEvents,TMF669,PartyRoleManagement,v4.0.0,4.0.0,partyRoleAttributeValueChangeEvent
TMFC046,WorkforceManagement,subscribedEvents,TMF669,PartyRoleManagement,v4.0.0,4.0.0,partyRoleCreateEvent
TMFC046,WorkforceManagement,subscribedEvents,TMF669,PartyRoleManagement,v4.0.0,4.0.0,partyRoleDeleteEvent
TMFC046,WorkforceManagement,subscribedEvents,TMF669,PartyRoleManagement,v4.0.0,4.0.0,partyRoleStateChangeEvent
TMFC046,WorkforceManagement,subscribedEvents,TMF701,ProcessFlowManagement,v4.0.0,4.0.0,processFlowCreateEvent
TMFC046,WorkforceManagement,subscribedEvents,TMF701,ProcessFlowManagement,v4.0.0,4.0.0,processFlowStateAttributeValueChangeEvent
TMFC046,WorkforceManagement,subscribedEvents,TMF701,ProcessFlowManagement,v4.0.0,4.0.0,processFlowStateChangeEvent
TMFC046,WorkforceManagement,subscribedEvents,TMF701,ProcessFlowManagement,v4.0.0,4.0.0,processFlowStateDeleteEvent
TMFC046,WorkforceManagement,subscribedEvents,TMF701,ProcessFlowManagement,v4.0.0,4.0.0,taskFlowAttributeValueChangeEvent
TMFC046,WorkforceManagement,subscribedEvents,TMF701,ProcessFlowManagement,v4.0.0,4.0.0,taskFlowCreateEvent
TMFC046,WorkforceManagement,subscribedEvents,TMF701,ProcessFlowManagement,v4.0.0,4.0.0,taskFlowDeleteEvent
TMFC046,WorkforceManagement,subscribedEvents,TMF701,ProcessFlowManagement,v4.0.0,4.0.0,taskFlowInformationRequiredEvent
TMFC046,WorkforceManagement,subscribedEvents,TMF701,ProcessFlowManagement,v4.0.0,4.0.0,taskFlowStateChangeEvent
TMFC050,ProductRecommendationManagement,publishedEvents,TMF680,queryProductRecommendation,v4.0.0,4.0.0,queryProductRecommendationCreateEvent
TMFC050,ProductRecommendationManagement,publishedEvents,TMF680,queryProductRecommendation,v4.0.0,4.0.0,queryProductRecommendationStateChangeEvent
TMFC050,ProductRecommendationManagement,publishedEvents,TMF701,processFlowManagement,v4.0.0,4.0.0,processFlowCreateEvent
TMFC050,ProductRecommendationManagement,publishedEvents,TMF701,processFlowManagement,v4.0.0,4.0.0,processFlowStateAttributeValueChangeEvent
TMFC050,ProductRecommendationManagement,publishedEvents,TMF701,processFlowManagement,v4.0.0,4.0.0,processFlowStateChangeEvent
TMFC050,ProductRecommendationManagement,publishedEvents,TMF701,processFlowManagement,v4.0.0,4.0.0,processFlowStateDeleteEvent
TMFC050,ProductRecommendationManagement,publishedEvents,TMF701,processFlowManagement,v4.0.0,4.0.0,taskFlowAttributeValueChangeEvent
TMFC050,ProductRecommendationManagement,publishedEvents,TMF701,processFlowManagement,v4.0.0,4.0.0,taskFlowCreateEvent
TMFC050,ProductRecommendationManagement,publishedEvents,TMF701,processFlowManagement,v4.0.0,4.0.0,taskFlowDeleteEvent
TMFC050,ProductRecommendationManagement,publishedEvents,TMF701,processFlowManagement,v4.0.0,4.0.0,taskFlowInformationRequiredEvent
TMFC050,ProductRecommendationManagement,publishedEvents,TMF701,processFlowManagement,v4.0.0,4.0.0,taskFlowStateChangeEvent
TMFC050,ProductRecommendationManagement,subscribedEvents,TMF620,ProductCatalogManagement,v4.0.0,4.0.0,categoryCreateEvent
TMFC050,ProductRecommendationManagement,subscribedEvents,TMF620,ProductCatalogManagement,v4.0.0,4.0.0,categoryDeleteEvent
TMFC050,ProductRecommendationManagement,subscribedEvents,TMF620,ProductCatalogManagement,v4.0.0,4.0.0,productOfferingAttributeValueChangeEvent
TMFC050,ProductRecommendationManagement,subscribedEvents,TMF620,ProductCatalogManagement,v4.0.0,4.0.0,productOfferingCreateEvent
TMFC050,ProductRecommendationManagement,subscribedEvents,TMF620,ProductCatalogManagement,v4.0.0,4.0.0,productOfferingDeleteEvent
TMFC050,ProductRecommendationManagement,subscribedEvents,TMF620,ProductCatalogManagement,v4.0.0,4.0.0,productOfferingPriceAttributeValueChangeEvent
TMFC050,ProductRecommendationManagement,subscribedEvents,TMF620,ProductCatalogManagement,v4.0.0,4.0.0,productOfferingPriceCreateEvent
TMFC050,ProductRecommendationManagement,subscribedEvents,TMF620,ProductCatalogManagement,v4.0.0,4.0.0,productOfferingPriceDeleteEvent
TMFC050,ProductRecommendationManagement,subscribedEvents,TMF620,ProductCatalogManagement,v4.0.0,4.0.0,productOfferingPriceStateChangeEvent
TMFC050,ProductRecommendationManagement,subscribedEvents,TMF620,ProductCatalogManagement,v4.0.0,4.0.0,productOfferingStateChangeEvent
TMFC050,ProductRecommendationManagement,subscribedEvents,TMF620,ProductCatalogManagement,v4.0.0,4.0.0,productSpecificationCreate
TMFC050,ProductRecommendationManagement,subscribedEvents,TMF620,ProductCatalogManagement,v4.0.0,4.0.0,productSpecificationDeleteEvent
TMFC054,ProductTestManagement,publishedEvents,unknown,productTestManagement,unknown,unknown,ProductTestAttributeValueChangeEvent
TMFC054,ProductTestManagement,publishedEvents,unknown,productTestManagement,unknown,unknown,ProductTestCreateEvent
TMFC054,ProductTestManagement,publishedEvents,unknown,productTestManagement,unknown,unknown,ProductTestSpecificationAttributeValueChangeEvent
TMFC054,ProductTestManagement,publishedEvents,unknown,productTestManagement,unknown,unknown,ProductTestSpecificationCreateEvent
TMFC054,ProductTestManagement,publishedEvents,unknown,productTestManagement,unknown,unknown,ProductTestSpecificationDeleteEvent
TMFC054,ProductTestManagement,publishedEvents,unknown,productTestManagement,unknown,unknown,ProductTestSpecificationStateChangeEvent
TMFC054,ProductTestManagement,publishedEvents,unknown,productTestManagement,unknown,unknown,ProductTestStateChangeEvent
TMFC054,ProductTestManagement,subscribedEvents,TMF620,productCatalogManagement,v4.0.0,4.1.0,productSpecificationCreateEvent
TMFC054,ProductTestManagement,subscribedEvents,TMF620,productCatalogManagement,v4.0.0,4.1.0,productSpecificationDeleteEvent
TMFC054,ProductTestManagement,subscribedEvents,TMF632,Party,v4.0.0,4.0.0,individualDeleteEvent
TMFC054,ProductTestManagement,subscribedEvents,TMF632,Party,v4.0.0,4.0.0,organizationDeleteEvent
TMFC054,ProductTestManagement,subscribedEvents,TMF653,serviceTestManagement,v4.0.0,4.1.0,serviceTestSpecificationAttributeValueChangeEvent
TMFC054,ProductTestManagement,subscribedEvents,TMF653,serviceTestManagement,v4.0.0,4.1.0,serviceTestSpecificationCreateEvent
TMFC054,ProductTestManagement,subscribedEvents,TMF653,serviceTestManagement,v4.0.0,4.1.0,serviceTestSpecificationDeleteEvent
TMFC055,ServiceTestManagement,publishedEvents,TMF653,ServiceTestManagement,v4.0.0,4.2.0,serviceTestAttributeValueChangeEvent
TMFC055,ServiceTestManagement,publishedEvents,TMF653,ServiceTestManagement,v4.0.0,4.2.0,serviceTestCreateEvent
TMFC055,ServiceTestManagement,publishedEvents,TMF653,ServiceTestManagement,v4.0.0,4.2.0,serviceTestDeleteEvent
TMFC055,ServiceTestManagement,publishedEvents,TMF653,ServiceTestManagement,v4.0.0,4.2.0,serviceTestSpecificationAttributeValueChangeEvent
TMFC055,ServiceTestManagement,publishedEvents,TMF653,ServiceTestManagement,v4.0.0,4.2.0,serviceTestSpecificationCreateEvent
TMFC055,ServiceTestManagement,publishedEvents,TMF653,ServiceTestManagement,v4.0.0,4.2.0,serviceTestSpecificationDeleteEvent
TMFC055,ServiceTestManagement,publishedEvents,TMF653,ServiceTestManagement,v4.0.0,4.2.0,serviceTestStateChangeEvent
TMFC055,ServiceTestManagement,subscribedEvents,TMF632,PartyManagement,v4.0.0,4.0.0,individualDeleteEvent
TMFC055,ServiceTestManagement,subscribedEvents,TMF632,PartyManagement,v4.0.0,4.0.0,organizationDeleteEvent
TMFC055,ServiceTestManagement,subscribedEvents,TMF633,ServiceTestManagement,v4.0.0,4.0.0,serviceSpecificationCreateEvent
TMFC055,ServiceTestManagement,subscribedEvents,TMF633,ServiceTestManagement,v4.0.0,4.0.0,serviceSpecificationDeleteEvent
TMFC061,WorkOrderManagement,publishedEvents,TMF697,TMF697_WorkOrderManagement,v4.0.0,4.0.0,cancelWorkOrderCreateEvent
TMFC061,WorkOrderManagement,publishedEvents,TMF697,TMF697_WorkOrderManagement,v4.0.0,4.0.0,cancelWorkOrderDeleteEvent
TMFC061,WorkOrderManagement,publishedEvents,TMF697,TMF697_WorkOrderManagement,v4.0.0,4.0.0,cancelWorkOrderStateChangeEvent
TMFC061,WorkOrderManagement,publishedEvents,TMF697,TMF697_WorkOrderManagement,v4.0.0,4.0.0,workOrderAttributeValueChangeEvent
TMFC061,WorkOrderManagement,publishedEvents,TMF697,TMF697_WorkOrderManagement,v4.0.0,4.0.0,workOrderCreateEvent
TMFC061,WorkOrderManagement,publishedEvents,TMF697,TMF697_WorkOrderManagement,v4.0.0,4.0.0,workOrderDeleteEvent
TMFC061,WorkOrderManagement,publishedEvents,TMF697,TMF697_WorkOrderManagement,v4.0.0,4.0.0,workOrderInformationRequiredEvent
TMFC061,WorkOrderManagement,publishedEvents,TMF697,TMF697_WorkOrderManagement,v4.0.0,4.0.0,workOrderStateChange
TMFC061,WorkOrderManagement,publishedEvents,TMF701,ProcessFlowManagement,v4.0.0,4.0.0,processFlowCreateEvent
TMFC061,WorkOrderManagement,publishedEvents,TMF701,ProcessFlowManagement,v4.0.0,4.0.0,processFlowStateAttributeValueChangeEvent
TMFC061,WorkOrderManagement,publishedEvents,TMF701,ProcessFlowManagement,v4.0.0,4.0.0,processFlowStateChangeEvent
TMFC061,WorkOrderManagement,publishedEvents,TMF701,ProcessFlowManagement,v4.0.0,4.0.0,processFlowStateDeleteEvent
TMFC061,WorkOrderManagement,publishedEvents,TMF701,ProcessFlowManagement,v4.0.0,4.0.0,taskFlowAttributeValueChangeEvent
TMFC061,WorkOrderManagement,publishedEvents,TMF701,ProcessFlowManagement,v4.0.0,4.0.0,taskFlowCreateEvent
TMFC061,WorkOrderManagement,publishedEvents,TMF701,ProcessFlowManagement,v4.0.0,4.0.0,taskFlowDeleteEvent
TMFC061,WorkOrderManagement,publishedEvents,TMF701,ProcessFlowManagement,v4.0.0,4.0.0,taskFlowInformationRequiredEvent
TMFC061,WorkOrderManagement,publishedEvents,TMF701,ProcessFlowManagement,v4.0.0,4.0.0,taskFlowStateChangeEvent
TMFC061,WorkOrderManagement,publishedEvents,TMF713,TMF713 Work Management API,v4.0.0,4.0.0,workAttributeValueChangeEvent
TMFC061,WorkOrderManagement,publishedEvents,TMF713,TMF713 Work Management API,v4.0.0,4.0.0,workCreateEvent
TMFC061,WorkOrderManagement,publishedEvents,TMF713,TMF713 Work Management API,v4.0.0,4.0.0,workDeleteEvent
TMFC061,WorkOrderManagement,publishedEvents,TMF713,TMF713 Work Management API,v4.0.0,4.0.0,workSpecificationAttributeValueChangeEvent
TMFC061,WorkOrderManagement,publishedEvents,TMF713,TMF713 Work Management API,v4.0.0,4.0.0,workSpecificationDeleteEvent
TMFC061,WorkOrderManagement,publishedEvents,TMF713,TMF713 Work Management API,v4.0.0,4.0.0,workSpecificationStateChangeEvent
TMFC061,WorkOrderManagement,publishedEvents,TMF713,TMF713 Work Management API,v4.0.0,4.0.0,workSpecificationsearchTimeSlotCreateEvent
TMFC061,WorkOrderManagement,publishedEvents,TMF713,TMF713 Work Management API,v4.0.0,4.0.0,workStateChange
TMFC061,WorkOrderManagement,publishedEvents,TMF714,workQualificationManagement,v4.0.0,4.0.0,checkWorkQualificationAttributeValueChangeEvent
TMFC061,WorkOrderManagement,publishedEvents,TMF714,workQualificationManagement,v4.0.0,4.0.0,checkWorkQualificationCreateEvent
TMFC061,WorkOrderManagement,publishedEvents,TMF714,workQualificationManagement,v4.0.0,4.0.0,checkWorkQualificationInformationRequiredEvent
TMFC061,WorkOrderManagement,publishedEvents,TMF714,workQualificationManagement,v4.0.0,4.0.0,checkWorkQualificationStateChange
TMFC061,WorkOrderManagement,publishedEvents,TMF714,workQualificationManagement,v4.0.0,4.0.0,checkWorkQualificationtDeleteEvent
TMFC061,WorkOrderManagement,publishedEvents,TMF714,workQualificationManagement,v4.0.0,4.0.0,queryWorkQualificationDeleteEvent
TMFC061,WorkOrderManagement,publishedEvents,TMF714,workQualificationManagement,v4.0.0,4.0.0,queryWorkQualificationStateChangeEvent
TMFC061,WorkOrderManagement,subscribedEvents,TMF632,PartyManagement,v4.0.0,4.0.0,IndividualAttributeValueChangeEvent
TMFC061,WorkOrderManagement,subscribedEvents,TMF632,PartyManagement,v4.0.0,4.0.0,IndividualCreateEvent
TMFC061,WorkOrderManagement,subscribedEvents,TMF632,PartyManagement,v4.0.0,4.0.0,IndividualDeleteEvent
TMFC061,WorkOrderManagement,subscribedEvents,TMF632,PartyManagement,v4.0.0,4.0.0,IndividualStateChangeEvent
TMFC061,WorkOrderManagement,subscribedEvents,TMF632,PartyManagement,v4.0.0,4.0.0,OrganizationAttributeValueChangeEvent
TMFC061,WorkOrderManagement,subscribedEvents,TMF632,PartyManagement,v4.0.0,4.0.0,OrganizationCreateEvent
TMFC061,WorkOrderManagement,subscribedEvents,TMF632,PartyManagement,v4.0.0,4.0.0,OrganizationDeleteEvent
TMFC061,WorkOrderManagement,subscribedEvents,TMF632,PartyManagement,v4.0.0,4.0.0,OrganizationStateChangeEvent
TMFC061,WorkOrderManagement,subscribedEvents,TMF632,PartyRoleManagement,v4.0.0,4.0.0,partyRoleAttributeValueChangeEvent
TMFC061,WorkOrderManagement,subscribedEvents,TMF632,PartyRoleManagement,v4.0.0,4.0.0,partyRoleCreateEvent
TMFC061,WorkOrderManagement,subscribedEvents,TMF632,PartyRoleManagement,v4.0.0,4.0.0,partyRoleDeleteEvent
TMFC061,WorkOrderManagement,subscribedEvents,TMF632,PartyRoleManagement,v4.0.0,4.0.0,partyRoleStateChangeEvent
TMFC061,WorkOrderManagement,subscribedEvents,TMF646,appointmentManagement,v4.0.0,4.0.0,appointmentAttributeValueChangeEvent
TMFC061,WorkOrderManagement,subscribedEvents,TMF646,appointmentManagement,v4.0.0,4.0.0,appointmentCreateEvent
TMFC061,WorkOrderManagement,subscribedEvents,TMF646,appointmentManagement,v4.0.0,4.0.0,appointmentDeleteEvent
TMFC061,WorkOrderManagement,subscribedEvents,TMF646,appointmentManagement,v4.0.0,4.0.0,appointmentStateChange
TMFC061,WorkOrderManagement,subscribedEvents,TMF646,appointmentManagement,v4.0.0,4.0.0,searchTimeSlotAttributeValueChangeEvent
TMFC061,WorkOrderManagement,subscribedEvents,TMF646,appointmentManagement,v4.0.0,4.0.0,searchTimeSlotCreateEvent
TMFC061,WorkOrderManagement,subscribedEvents,TMF646,appointmentManagement,v4.0.0,4.0.0,searchTimeSlotDeleteEvent
TMFC061,WorkOrderManagement,subscribedEvents,TMF646,appointmentManagement,v4.0.0,4.0.0,searchTimeSlotStateChangeEvent
TMFC061,WorkOrderManagement,subscribedEvents,TMF701,ProcessFlowManagement,v4.0.0,4.0.0,processFlowCreateEvent
TMFC061,WorkOrderManagement,subscribedEvents,TMF701,ProcessFlowManagement,v4.0.0,4.0.0,processFlowStateAttributeValueChangeEvent
TMFC061,WorkOrderManagement,subscribedEvents,TMF701,ProcessFlowManagement,v4.0.0,4.0.0,processFlowStateChangeEvent
TMFC061,WorkOrderManagement,subscribedEvents,TMF701,ProcessFlowManagement,v4.0.0,4.0.0,processFlowStateDeleteEvent
TMFC061,WorkOrderManagement,subscribedEvents,TMF701,ProcessFlowManagement,v4.0.0,4.0.0,taskFlowAttributeValueChangeEvent
TMFC061,WorkOrderManagement,subscribedEvents,TMF701,ProcessFlowManagement,v4.0.0,4.0.0,taskFlowCreateEvent
TMFC061,WorkOrderManagement,subscribedEvents,TMF701,ProcessFlowManagement,v4.0.0,4.0.0,taskFlowDeleteEvent
TMFC061,WorkOrderManagement,subscribedEvents,TMF701,ProcessFlowManagement,v4.0.0,4.0.0,taskFlowInformationRequiredEvent
TMFC061,WorkOrderManagement,subscribedEvents,TMF701,ProcessFlowManagement,v4.0.0,4.0.0,taskFlowStateChangeEvent
TMFC062,ResourceConfigurationandActivation,publishedEvents,TMF664,ResourceFunctionActivationManagement,v4.0.0,4.0.0,HealAttributeValueChangeEvent
TMFC062,ResourceConfigurationandActivation,publishedEvents,TMF664,ResourceFunctionActivationManagement,v4.0.0,4.0.0,HealChangeEvent
TMFC062,ResourceConfigurationandActivation,publishedEvents,TMF664,ResourceFunctionActivationManagement,v4.0.0,4.0.0,HealCreateEvent
TMFC062,ResourceConfigurationandActivation,publishedEvents,TMF664,ResourceFunctionActivationManagement,v4.0.0,4.0.0,HealDeleteEvent
TMFC062,ResourceConfigurationandActivation,publishedEvents,TMF664,ResourceFunctionActivationManagement,v4.0.0,4.0.0,MigrateAttributeValueChangeEvent
TMFC062,ResourceConfigurationandActivation,publishedEvents,TMF664,ResourceFunctionActivationManagement,v4.0.0,4.0.0,MigrateChangeEvent
TMFC062,ResourceConfigurationandActivation,publishedEvents,TMF664,ResourceFunctionActivationManagement,v4.0.0,4.0.0,MigrateCreateEvent
TMFC062,ResourceConfigurationandActivation,publishedEvents,TMF664,ResourceFunctionActivationManagement,v4.0.0,4.0.0,MigrateDeleteEvent
TMFC062,ResourceConfigurationandActivation,publishedEvents,TMF664,ResourceFunctionActivationManagement,v4.0.0,4.0.0,ResourceFunctionAttributeValueChangeEvent
TMFC062,ResourceConfigurationandActivation,publishedEvents,TMF664,ResourceFunctionActivationManagement,v4.0.0,4.0.0,ResourceFunctionChangeEvent
TMFC062,ResourceConfigurationandActivation,publishedEvents,TMF664,ResourceFunctionActivationManagement,v4.0.0,4.0.0,ResourceFunctionCreateEvent
TMFC062,ResourceConfigurationandActivation,publishedEvents,TMF664,ResourceFunctionActivationManagement,v4.0.0,4.0.0,ResourceFunctionDeleteEvent
TMFC062,ResourceConfigurationandActivation,publishedEvents,TMF664,ResourceFunctionActivationManagement,v4.0.0,4.0.0,ScaleAttributeValueChangeEvent
TMFC062,ResourceConfigurationandActivation,publishedEvents,TMF664,ResourceFunctionActivationManagement,v4.0.0,4.0.0,ScaleChangeEvent
TMFC062,ResourceConfigurationandActivation,publishedEvents,TMF664,ResourceFunctionActivationManagement,v4.0.0,4.0.0,ScaleCreateEvent
TMFC062,ResourceConfigurationandActivation,publishedEvents,TMF664,ResourceFunctionActivationManagement,v4.0.0,4.0.0,ScaleDeleteEvent
TMFC062,ResourceConfigurationandActivation,publishedEvents,TMF702,ResourceActivationManagement,v4.0.0,4.0.0,ResourceAttributeValueChangeEvent
TMFC062,ResourceConfigurationandActivation,publishedEvents,TMF702,ResourceActivationManagement,v4.0.0,4.0.0,ResourceCreateEvent
TMFC062,ResourceConfigurationandActivation,publishedEvents,TMF702,ResourceActivationManagement,v4.0.0,4.0.0,ResourceDeleteEvent
TMFC062,ResourceConfigurationandActivation,publishedEvents,TMF702,ResourceActivationManagement,v4.0.0,4.0.0,ResourceStateChangeEvent
TMFC062,ResourceConfigurationandActivation,subscribedEvents,TMF634,ResourceCatalogManagement,v4.0.0,4.1.0,ResourceSpecificationChangeEvent
TMFC062,ResourceConfigurationandActivation,subscribedEvents,TMF634,ResourceCatalogManagement,v4.0.0,4.1.0,ResourceSpecificationCreateEvent
TMFC062,ResourceConfigurationandActivation,subscribedEvents,TMF634,ResourceCatalogManagement,v4.0.0,4.1.0,ResourceSpecificationDeleteEvent
